Players On Lygon,2002,192-202 Lygon Street,Carlton,200,-37.80245924,144.9670522
Bar Centrale,2002,160-162 Lygon Street,Carlton,500,-37.80344164,144.9667699
Purple Emerald,2006,172-192 Flinders Street,Melbourne (CBD),110,-37.81663851,144.9685429
Percys Bar & Bistro,2002,414-422 Lygon Street,Carlton,120,-37.79694555,144.9678126
JWow Bar,2008,221 Little Lonsdale Street,Melbourne (CBD),100,-37.810658,144.9657034
The Men's Gallery,2006,597-603 Lonsdale Street,Melbourne (CBD),675,-37.81491898,144.9544951
Dr Martin's Tavern,2006,86-88 Collins Street,Melbourne (CBD),261,-37.81393777,144.9705847
Metropolitan Hotel,2006,263-267 William Street,Melbourne (CBD),300,-37.81292397,144.9565837
Baroq House,2006,2-20 Drewery Place,Melbourne (CBD),303,-37.81130304,144.9639703
Stork Hotel,2006,502-504 Elizabeth Street,Melbourne (CBD),180,-37.80719768,144.9603498
Mac's Hotel,2006,34-38 Franklin Street,Melbourne (CBD),125,-37.80752292,144.9616126
Court House Hotel,2002,86-90 Errol Street,North Melbourne,140,-37.80287733,144.9499557
E J Whitten Bar,2011,122-148 Harbour Esplanade,Docklands,70,-37.81656591,144.9475776
Captains Bar,2011,122-148 Harbour Esplanade,Docklands,80,-37.81656591,144.9475776
The Charles Dickens Tavern,2006,280-292 Collins Street,Melbourne (CBD),450,-37.81567229,144.9645574
Number 8,2006,8 Whiteman Street,Southbank,200,-37.82312164,144.9586604
Cafe Greco,2006,8 Whiteman Street,Southbank,508,-37.82312164,144.9586604
Waterfront,2006,8 Whiteman Street,Southbank,349,-37.82312164,144.9586604
Automatic Cafe,2006,8 Whiteman Street,Southbank,340,-37.82312164,144.9586604
Polepole Bar,2016,267 Little Collins Street,Melbourne (CBD),100,-37.81483458,144.9656034
Hell's Kitchen,2016,252-254 Flinders Lane,Melbourne (CBD),55,-37.8166033,144.9655966
McMahons,2013,573-579 Spencer Street,West Melbourne (Residential),160,-37.80740767,144.9469867
Clare Castle Hotel,2006,415-421 Rathdowne Street,Carlton,50,-37.79652005,144.9704262
The Arthouse,2011,614-616 Elizabeth Street,Carlton,250,-37.80389369,144.9589387
Royce On St Kilda Road,2002,375-385 St Kilda Road,Melbourne (Remainder),120,-37.83506751,144.9755139
Clyde Hotel,2006,377-391 Cardigan Street,Carlton,239,-37.79725532,144.9657541
Naughtons Hotel,2002,43-49 Royal Parade,Parkville,120,-37.79554181,144.9575345
Beer De Luxe,2013,2 Swanston Street,Melbourne (CBD),355,-37.81784465,144.9699175
Exford Hotel,2011,199-203 Russell Street,Melbourne (CBD),300,-37.81179179,144.9673406
Bisq Cafeteria,2006,107-109 Flinders Lane,Melbourne (CBD),200,-37.81560645,144.9708344
University House,2002,156-292 Grattan Street,Parkville,611,-37.79739836,144.9612468
U Bar,2002,156-292 Grattan Street,Parkville,200,-37.79739836,144.9612468
Bennetts Lane Jazz Club,2006,25 Bennetts Lane,Melbourne (CBD),300,-37.80889245,144.967558
Victoria Hotel,2006,312-316 Victoria Street,North Melbourne,130,-37.80563237,144.9557051
Central Club Hotel,2006,240-248 Victoria Street,North Melbourne,150,-37.80591439,144.9581264
The Public Bar Hotel,2006,232-238 Victoria Street,North Melbourne,180,-37.80593327,144.9585875
Murmur,2011,15-19 Warburton Lane,Melbourne (CBD),50,-37.81381239,144.9618462
Crown Entertainment Complex and Casino,2013,8 Whiteman Street,Southbank,320,-37.82312164,144.9586604
The Waiting Room,2013,8 Whiteman Street,Southbank,120,-37.82312164,144.9586604
Hotel Sophia,2011,277-287 King Street,Melbourne (CBD),116,-37.81367535,144.9541999
Loki Bar,2002,65-67 Peel Street,West Melbourne (Residential),140,-37.80666721,144.955498
Portland Hotel,2006,115-127 Russell Street,Melbourne (CBD),414,-37.81367486,144.9681892
Adelphi Hotel,2006,187 Flinders Lane,Melbourne (CBD),80,-37.81635789,144.9683751
Spleen Central,2006,39-43 Bourke Street,Melbourne (CBD),100,-37.81193572,144.9720472
Loop 23,2006,19-23 Meyers Place,Melbourne (CBD),150,-37.8121518,144.9721078
Asuka Restaurant,2006,59-63 Bourke Street,Melbourne (CBD),150,-37.81212537,144.9715659
Imperial Hotel,2006,2-8 Bourke Street,Melbourne (CBD),300,-37.8112003,144.972676
Cheers On Little Bourke Street,2006,19-25 Little Bourke Street,Melbourne (CBD),350,-37.81074304,144.9719903
Young & Jackson,2006,1-7 Swanston Street,Melbourne (CBD),470,-37.817356,144.967023
European Bier Cafe,2006,114-122 Exhibition Street,Melbourne (CBD),550,-37.81285806,144.9711999
Bridie O'Reillys,2006,62-66 Little Collins Street,Melbourne (CBD),285,-37.81280958,144.971442
Mecca,2006,3 Southgate Avenue,Southbank,200,-37.82066923,144.9662623
Chill On Pty Ltd,2008,296-298 Russell Street,Melbourne (CBD),120,-37.80957196,144.9669287
Coopers Inn,2006,242-284 Exhibition Street,Melbourne (CBD),400,-37.80941489,144.9699756
The Owl & The Pussycat,2006,333-351 Exhibition Street,Melbourne (CBD),100,-37.8078604,144.9680267
Duke of Kent Hotel,2006,293-299 La Trobe Street,Melbourne (CBD),200,-37.81081439,144.9605086
Shamiana,2006,244-250 Queen Street,Melbourne (CBD),200,-37.81269018,144.959964
Great Western Hotel,2006,204-208 King Street,Melbourne (CBD),390,-37.81521196,144.9554836
The Keeper's Arm,2006,351-359 Queensberry Street,North Melbourne,240,-37.80395618,144.9559672
Bond Lounge,2006,16-26 Bond Street,Melbourne (CBD),500,-37.81814578,144.9630575
Waterside Hotel,2006,508-514 Flinders Street,Melbourne (CBD),324,-37.820166,144.9571505
Hotel Milan,2006,186-190 Lygon Street,Carlton,540,-37.80263986,144.9669216
The Leveson,2006,46-50 Leveson Street,North Melbourne,400,-37.80370014,144.9514591
John Curtin Hotel,2002,27-31 Lygon Street,Carlton,350,-37.80619915,144.9656988
Pugg Mahones Irish Bar,2006,106-112 Hardware Street,Melbourne (CBD),200,-37.81213605,144.9606805
Eldorado Hotel,2002,46-50 Leveson Street,North Melbourne,400,-37.80370014,144.9514591
Hyde,2006,312-318 Russell Street,Melbourne (CBD),269,-37.80932575,144.9668166
Atlantic South Wharf Function Centre,2006,7-9 South Wharf,Southbank,1300,-37.82409303,144.9503336
The Irish Times,2013,425-427 Little Collins Street,Melbourne (CBD),170,-37.8162542,144.9605354
Locker Room Club Bar,2002,94-148 Harbour Esplanade,Docklands,500,-37.81656591,144.9475776
Redback Brewery Hotel,2002,75-79 Flemington Road,North Melbourne,670,-37.79895071,144.9533473
The Chifley On Flemington,2002,5-17 Flemington Road,North Melbourne,230,-37.80140031,144.9558713
Limerick Castle Hotel & Restaurant,2002,161-163 Errol Street,North Melbourne,50,-37.80114341,144.9496139
Albion Hotel,2008,171-173 Curzon Street,North Melbourne,150,-37.79889904,144.9485505
The Turf Bar & Restaurant,2006,131-141 Queen Street,Melbourne (CBD),527,-37.81549904,144.9605409
La La Land. The Melbourne Room,2011,391-393 Little Lonsdale Street,Melbourne (CBD),175,-37.81187439,144.9603411
Plough and Harrow Hotel,2006,594-600 Swanston Street,Carlton,400,-37.80276989,144.9639453
Clique Bar,2011,26-32 King Street,Melbourne (CBD),222,-37.81952934,144.957466
The Apartment Restaurant Club Lounge,2006,401-405 Little Bourke Street,Melbourne (CBD),250,-37.81403196,144.9610348
Word Events,2006,14-20 Goldie Place,Melbourne (CBD),200,-37.81328585,144.960731
Menzies Tavern,2006,500-514 Collins Street,Melbourne (CBD),200,-37.81753383,144.9574732
Carlton Yacht Club Bar,2008,298 Lygon Street,Carlton,60,-37.79998572,144.9673764
University Hotel,2008,270-276 Lygon Street,Carlton,111,-37.8005263,144.9672432
Bunker Lounge Bar,2006,407-409 Swanston Street,Melbourne (CBD),92,-37.80895593,144.9631797
Commodity Cafe,2013,497-503 St Kilda Road,Melbourne (Remainder),150,-37.84331737,144.9790762
Hilton Hotels of Australia (Melbourne) Pty Ltd,2002,178-226 Wellington Parade,East Melbourne,200,-37.81582277,144.9834989
MCG Worx,2002,178-226 Wellington Parade,East Melbourne,144,-37.81582277,144.9834989
Hilton,2006,178-226 Wellington Parade,East Melbourne,200,-37.81582277,144.9834989
De Biers,2006,277-279 Flinders Lane,Melbourne (CBD),400,-37.81724201,144.9652979
Explorers Inn,2006,10-22 Spencer Street,Melbourne (CBD),50,-37.82050677,144.9552421
Welcome Stranger,2006,124-128 Bourke Street,Melbourne (CBD),350,-37.81207094,144.9692645
CBD Cafe Bar,2006,174-192 Exhibition Street,Melbourne (CBD),190,-37.81121462,144.9706454
United Kingdom Settlers Association,2002,146W-150W Toorak Road,South Yarra,100,-37.83764623,144.9843706
Red Violin,2008,231-233 Bourke Street,Melbourne (CBD),303,-37.81343614,144.9668415
Hard Rock Cafe,2006,103-137 Spring Street,Melbourne (CBD),500,-37.81199351,144.9729245
Bear Brass,2006,3 Southgate Avenue,Southbank,200,-37.82066923,144.9662623
P J O'Briens Irish Pub,2006,3 Southgate Avenue,Southbank,350,-37.82066923,144.9662623
Canada Hotel,2002,594-600 Swanston Street,Carlton,250,-37.80276989,144.9639453
Chris's Daily Grind,2006,170-176 William Street,Melbourne (CBD),50,-37.81492637,144.9582309
Cafe Dom - The Granite Bar,2002,497-503 St Kilda Road,Melbourne (Remainder),500,-37.84331737,144.9790762
Altitude,2006,163-169 Russell Street,Melbourne (CBD),300,-37.81246709,144.9676479
The Bliss Lounge,2006,7-11 Queen Street,Melbourne (CBD),210,-37.81861863,144.9619461
Double Happiness Bar,2011,21 Liverpool Street,Melbourne (CBD),164,-37.81118056,144.9712639
Townhall Hotel North Melbourne,2002,33 Errol Street,North Melbourne,220,-37.80414139,144.9489068
The Castle Hotel,2002,56-58 Courtney Street,North Melbourne,317,-37.8008985,144.953035
Penny Blue,2011,318-322 Little Bourke Street,Melbourne (CBD),85,-37.81292437,144.9631276
Lincoln Hotel,2002,91-95 Cardigan Street,Carlton,50,-37.80448528,144.9645057
Dan O'Connell Hotel,2002,223-227 Canning Street,Carlton,600,-37.79303229,144.9733817
The Exchange Hotel,2006,120-138 King Street,Melbourne (CBD),1240,-37.81703156,144.9564078
North Melbourne Football Club Social Club,2002,204-206 Arden Street,North Melbourne,210,-37.79905531,144.9413118
Kanga Kasino,2002,204-206 Arden Street,North Melbourne,90,-37.79905531,144.9413118
Lagers On Lygon,2002,66-88 Lygon Street,Carlton,80,-37.80530329,144.9665747
Holiday Inn Melbourne,2002,1-5 Spencer Street,Docklands,130,-37.8226581,144.9549939
Spotless Services,2002,Brunton Avenue,East Melbourne,2545,-37.81992883,144.9832828
Loco Bar,2008,85-161 Spencer Street,Docklands,400,-37.81815358,144.9523393
Alumbra At Central Pier,2008,143-175 Harbour Esplanade,Docklands,690,-37.8165193,144.9435654
Tabaret At Melbourne Central,2002,315-321 Elizabeth Street,Melbourne (CBD),250,-37.81124935,144.9614724
La La Land,2002,391-393 Little Lonsdale Street,Melbourne (CBD),175,-37.81187439,144.9603411
Elm's Family Hotel,2002,267-271 Spring Street,Melbourne (CBD),200,-37.8086111,144.9714481
The Oasis Oz Hotel,2011,175-191 Dryburgh Street,North Melbourne,390,-37.80205261,144.9433563
RMIT Village Old Melbourne,2006,5-17 Flemington Road,North Melbourne,356,-37.80140031,144.9558713
Bull And Bear Tavern,2006,341-347 Flinders Lane,Melbourne (CBD),180,-37.81782313,144.9630313
Pugg Mahones,2006,171-175 Elgin Street,Carlton,500,-37.79750574,144.9687079
Long Room,2008,162-168 Collins Street,Melbourne (CBD),620,-37.81450301,144.9678476
Mai Tai Restaurant,2006,226-236 Russell Street,Melbourne (CBD),170,-37.81098272,144.9676444
Kivotos Cafe Bar,2002,312-318 Russell Street,Melbourne (CBD),250,-37.80932575,144.9668166
Hi Fi Bar & Ballroom,2002,125-133 Swanston Street,Melbourne (CBD),800,-37.81472467,144.9658102
Gin Palace,2002,188-194 Little Collins Street,Melbourne (CBD),150,-37.81390779,144.9675807
Velour,2002,121-123 Flinders Lane,Melbourne (CBD),350,-37.81567009,144.9705132
Troika Bar,2002,106 Little Lonsdale Street,Melbourne (CBD),60,-37.8091536,144.96859
The Oxford Scholar Hotel,2002,427-433 Swanston Street,Melbourne (CBD),486,-37.80846658,144.962901
Shanghai Club,2002,242-244 Little Bourke Street,Melbourne (CBD),209,-37.81213633,144.965603
Enka Karaoke Bar,2002,213-217 Russell Street,Melbourne (CBD),80,-37.81156167,144.9672365
Hollywood Karaoke Bar,2002,184-186 Bourke Street,Melbourne (CBD),150,-37.81267583,144.9676888
The Sherlock Holmes Inn,2002,415-417 Collins Street,Melbourne (CBD),70,-37.81746814,144.9608681
The Sen Bar,2002,231-233 Exhibition Street,Melbourne (CBD),120,-37.81051104,144.9695206
Holiday Inn On Flinders Melbourne,2002,24-40 Spencer Street,Melbourne (CBD),100,-37.82020482,144.9551524
The Kitchen Restaurant,2002,435-443 Little Collins Street,Melbourne (CBD),200,-37.81638558,144.9600859
Australia On Collins Bar,2002,258-274 Collins Street,Melbourne (CBD),11,-37.81536587,144.9648999
Grosvenor Tavern,2002,353 Little Collins Street,Melbourne (CBD),230,-37.81594942,144.9631329
The Carlton Hotel,2002,193-199 Bourke Street,Melbourne (CBD),200,-37.81320485,144.9676452
Melbourne International Backpackers,2002,442-450 Elizabeth Street,Melbourne (CBD),365,-37.8083077,144.9608588
Basement 407,2002,407-409 Swanston Street,Melbourne (CBD),150,-37.80895593,144.9631797
Connells Tavern,2002,31-39 Elizabeth Street,Melbourne (CBD),350,-37.81741878,144.9643316
Hosies Tavern,2002,1-5 Elizabeth Street,Melbourne (CBD),270,-37.81805666,144.964608
Embassy Bar,2002,2-20 Drewery Place,Melbourne (CBD),303,-37.81130304,144.9639703
Metropolitan On William Bar & Restaurant,2002,263-267 William Street,Melbourne (CBD),300,-37.81292397,144.9565837
Golden Age Hotel,2002,277-287 King Street,Melbourne (CBD),200,-37.81367535,144.9541999
Cheers Bar & Grill,2002,19-25 Little Bourke Street,Melbourne (CBD),350,-37.81074304,144.9719903
Jagulla,2002,244-246 Russell Street,Melbourne (CBD),200,-37.81047422,144.9673261
Mercat Cross Hotel,2002,143-151 Therry Street,Melbourne (CBD),230,-37.80792152,144.9583711
Sister Bellas,2011,22 Drewery Place,Melbourne (CBD),80,-37.81135,144.9638158
44 Bar,2002,42-44 Lonsdale Street,Melbourne (CBD),260,-37.80912054,144.971034
Rydges Melbourne Hotel,2006,174-192 Exhibition Street,Melbourne (CBD),100,-37.81121462,144.9706454
So'bar,2006,270 Russell Street,Melbourne (CBD),90,-37.81011116,144.9671591
Hotel Lincoln,2006,91-95 Cardigan Street,Carlton,50,-37.80448528,144.9645057
Fourth Watch,2008,26-32 King Street,Melbourne (CBD),222,-37.81952934,144.957466
Belgian Beer Cafe Eureka,2008,3-7 Riverside Quay,Southbank,638,-37.82166549,144.9645668
Basemint Louge Bar,2008,93-95 Queen Street,Melbourne (CBD),167,-37.81637876,144.9609695
Jawa Bar,2008,297-307 Victoria Street,West Melbourne (Residential),40,-37.80562951,144.9513664
The Trader Bar,2008,69-73 Collins Street,Melbourne (CBD),200,-37.8143446,144.9713489
RACV City Club,2011,483-501 Bourke Street,Melbourne (CBD),410,-37.81587957,144.9595925
The Meeting Place,2006,315-321 Elizabeth Street,Melbourne (CBD),250,-37.81124935,144.9614724
Manchester Lane,2006,30-44 Manchester Lane,Melbourne (CBD),250,-37.81642646,144.9662007
Watermark Bar,2008,788-812 Bourke Street,Docklands,300,-37.81888389,144.9451224
Red Love Cocktail Bar Musicroom,2008,401-405 Swanston Street,Melbourne (CBD),110,-37.80904283,144.963217
The big Group,2008,2 Swanston Street,Melbourne (CBD),350,-37.81784465,144.9699175
FM Karaoke Bar,2008,146-150 Bourke Street,Melbourne (CBD),100,-37.81235798,144.9687387
POD Nite Club,2008,590-592 Little Bourke Street,Melbourne (CBD),700,-37.81533836,144.9546987
Eurotrash Cafeteria & Bar,2008,16-20 Corrs Lane,Melbourne (CBD),569,-37.81112914,144.9683854
The Trust Bar,2008,21-31 Market Street,Melbourne (CBD),350,-37.81864585,144.9604206
The Joint,2008,31-39 Elizabeth Street,Melbourne (CBD),329,-37.81741878,144.9643316
Botanical Hotel,2006,161-173 Domain Road,South Yarra,245,-37.83431735,144.9816996
Juliet's Champagne Bar,2008,338-352 Bourke Street,Melbourne (CBD),60,-37.81360425,144.9632879
Nero Bar,2008,546-566 Collins Street,Melbourne (CBD),80,-37.81824465,144.9558446
Rathdowne Tavern,2008,184 Rathdowne Street,Carlton,140,-37.79476659,144.9712295
Three Degrees,2008,221 Little Lonsdale Street,Melbourne (CBD),775,-37.810658,144.9657034
Kingpin Bowling,2006,8 Whiteman Street,Southbank,347,-37.82312164,144.9586604
Clocks At Flinders Street Station,2006,207-361 Flinders Street,Melbourne (CBD),300,-37.81866105,144.9654659
Crown Plaza,2006,1-5 Spencer Street,Docklands,60,-37.8226581,144.9549939
Crown Promenade Hotel,2008,40-56 Queens Bridge Street,Southbank,150,-37.8238538,144.9597768
La Di Da,2008,188-202 King Street,Melbourne (CBD),450,-37.81551353,144.9556244
Melbourne Central Lion Hotel,2013,183-265 La Trobe Street,Melbourne (CBD),550,-37.81073331,144.9630189
Returned & Services League - Melbourne Sub-branch,2004,91-93 Flinders Lane,Melbourne (CBD),90,-37.81543506,144.9712228
Railway Hotel,2013,118-126 Ireland Street,West Melbourne (Residential),241,-37.80605366,144.9421177
Nomads Industry Backpackers,2008,196-200 A'Beckett Street,Melbourne (CBD),200,-37.80998494,144.9574447
December Entertainment,2011,118-122 Bourke Street,Melbourne (CBD),72,-37.81207418,144.969548
Bornga,2016,281-287 Swanston Street,Melbourne (CBD),40,-37.81143223,144.9643593
Mui Karaoke,2016,281-287 Swanston Street,Melbourne (CBD),243,-37.81143223,144.9643593
Tilt,2006,272 Russell Street,Melbourne (CBD),130,-37.81007187,144.9671371
Mack Daddy Soprano,2006,313-315 Flinders Lane,Melbourne (CBD),100,-37.81763918,144.9638507
Manchuria,2013,7-9 Waratah Place,Melbourne (CBD),80,-37.81162502,144.9669911
New Guernica,2011,318-322 Little Collins Street,Melbourne (CBD),380,-37.81488174,144.9640121
The Australian Club,2011,98-110 William Street,Melbourne (CBD),280,-37.81674542,144.9591218
Lavita Cafe On William,2011,170-176 William Street,Melbourne (CBD),50,-37.81492637,144.9582309
Workshop,2008,413-417 Elizabeth Street,Melbourne (CBD),230,-37.80918797,144.9605226
Silk Road on Collins,2011,419-429 Collins Street,Melbourne (CBD),911,-37.81752882,144.9606531
Rok's Cafe,2008,497-503 St Kilda Road,Melbourne (Remainder),280,-37.84331737,144.9790762
Sorry Grandma,2011,590-592 Little Bourke Street,Melbourne (CBD),700,-37.81533836,144.9546987
DANSK Restaurant,2011,428-432 Little Bourke Street,Melbourne (CBD),100,-37.81392392,144.9597229
Mrs Parma's,2008,19-25 Little Bourke Street,Melbourne (CBD),350,-37.81074304,144.9719903
Loop Project Space & Bar,2011,19-23 Meyers Place,Melbourne (CBD),152,-37.8121518,144.9721078
Chaise Lounge,2011,103-105 Queen Street,Melbourne (CBD),140,-37.81614776,144.9608476
Insignia on Flinders,2011,502-504 Flinders Street,Melbourne (CBD),100,-37.82005619,144.9576571
Cash Box Ktv,2008,22-26 Corrs Lane,Melbourne (CBD),200,-37.8109979,144.9683249
The Nixon Hotel Pty Ltd,2008,747-757 Bourke Street,Docklands,300,-37.81925128,144.9479753
Little Red Pocket,2013,422-428 Little Collins Street,Melbourne (CBD),200,-37.8159076,144.960326
Harbour Town Hotel,2011,23-37 Star Crescent,Docklands,498,-37.81315031,144.9378299
Sou Sol,2006,443 Little Collins Street,Melbourne (CBD),200,-37.81638558,144.9600859
Mitre Tavern,2006,5-9 Bank Place,Melbourne (CBD),300,-37.81680457,144.9603112
Whisky and Alement,2013,270 Russell Street,Melbourne (CBD),90,-37.81011116,144.9671591
Marrakech Bar,2011,435-443 Little Collins Street,Melbourne (CBD),200,-37.81638558,144.9600859
Melbourne Savage Club,2011,12-16 Bank Place,Melbourne (CBD),90,-37.81654467,144.9605765
Dikstein's Corner Bar,2011,433 Little Collins Street,Melbourne (CBD),145,-37.81631094,144.9603413
Karstens At CQ,2013,111-129 Queen Street,Melbourne (CBD),170,-37.81581152,144.9606367
Blue Diamond,2013,111-129 Queen Street,Melbourne (CBD),200,-37.81581152,144.9606367
Element Lounge,2013,85-91 Queen Street,Melbourne (CBD),230,-37.81649711,144.9610213
Karoke Box,2011,52 La Trobe Street,Melbourne (CBD),100,-37.80828608,144.9672465
Transport,2008,2 Swanston Street,Melbourne (CBD),900,-37.81784465,144.9699175
Zinc at Federation Square,2008,2 Swanston Street,Melbourne (CBD),1000,-37.81784465,144.9699175
Alluva Restaurant Bar Lounge,2008,457-471 Bourke Street,Melbourne (CBD),513,-37.81547268,144.9601886
FFour,2008,318-322 Little Collins Street,Melbourne (CBD),380,-37.81488174,144.9640121
Seamstress Pty Ltd,2008,113 Lonsdale Street,Melbourne (CBD),160,-37.81056538,144.9690111
The Mercant Cross Hotel,2011,143-151 Therry Street,Melbourne (CBD),1081,-37.80792152,144.9583711
Roo Bar,2011,167-175 Franklin Street,Melbourne (CBD),200,-37.80895967,144.9591538
The Mill,2008,67-73 Hardware Lane,Melbourne (CBD),119,-37.81323451,144.960908
Section 8 Bar Pty Ltd,2008,27-29 Tattersalls Lane,Melbourne (CBD),100,-37.81176167,144.9653899
The Toff In Town,2008,248-258 Swanston Street,Melbourne (CBD),345,-37.81199559,144.9652504
Rooftop Bar,2008,248-258 Swanston Street,Melbourne (CBD),200,-37.81199559,144.9652504
The Batman's Hill Hotel,2006,66-70 Spencer Street,Melbourne (CBD),1500,-37.81934371,144.9546555
The Press Club Restuarant & Bar Pty Ltd,2008,46-74 Flinders Street,Melbourne (CBD),90,-37.81546181,144.9727209
Escape City,2016,213-217 Russell Street,Melbourne (CBD),100,-37.81156167,144.9672365
Cohen Cellars Wine Bar,2013,166 Albert Street,East Melbourne,40,-37.81004657,144.9856254
Ondergronds Pty Ltd,2008,27-37 Russell Street,Melbourne (CBD),250,-37.81598754,144.9692478
Sen Karaoke Bar,2006,231-233 Exhibition Street,Melbourne (CBD),120,-37.81051104,144.9695206
Dreams Gentleman's Club,2008,1-5 Elizabeth Street,Melbourne (CBD),160,-37.81805666,144.964608
The Order of Melbourne,2008,401-405 Swanston Street,Melbourne (CBD),420,-37.80904283,144.963217
Ding Dong Lounge,2008,18-24 Market Lane,Melbourne (CBD),396,-37.81175137,144.9694031
Collins Quarter,2008,86-88 Collins Street,Melbourne (CBD),373,-37.81393777,144.9705847
Tufclub Hotel,2008,1-3 Flemington Road,North Melbourne,350,-37.80130394,144.9563792
The Drunken Poet,2008,65-67 Peel Street,West Melbourne (Residential),50,-37.80666721,144.955498
The Wine Bar,2004,2 Swanston Street,Melbourne (CBD),355,-37.81784465,144.9699175
Match Bar & Grill,2008,221 Little Lonsdale Street,Melbourne (CBD),360,-37.810658,144.9657034
The Green Room,2004,31-39 Elizabeth Street,Melbourne (CBD),225,-37.81741878,144.9643316
Embassy Bar & Double Bar,2004,2-20 Drewery Place,Melbourne (CBD),303,-37.81130304,144.9639703
Llama Bar,2004,3 Southgate Avenue,Southbank,50,-37.82066923,144.9662623
Saturne,2004,3 Southgate Avenue,Southbank,100,-37.82066923,144.9662623
The Quiet Man Irish Pub,2008,265-271 Racecourse Road,Kensington,400,-37.78860982,144.9323559
Miss Libertine @ Mac's Hotel,2008,34-38 Franklin Street,Melbourne (CBD),355,-37.80752292,144.9616126
Randy Dragon,2011,313-315 Flinders Lane,Melbourne (CBD),100,-37.81763918,144.9638507
Royce Hotel,2008,375-385 St Kilda Road,Melbourne (Remainder),120,-37.83506751,144.9755139
Hairy Canary,2008,196-212 Little Collins Street,Melbourne (CBD),50,-37.81384227,144.9671568
European,2008,161 Spring Street,Melbourne (CBD),703,-37.8109513,144.9724291
The Croft Institute,2008,21-25 Croft Alley,Melbourne (CBD),250,-37.81206249,144.9690881
Cookie,2008,248-258 Swanston Street,Melbourne (CBD),300,-37.81199559,144.9652504
Horse Bazaar,2008,395-397 Little Lonsdale Street,Melbourne (CBD),158,-37.81190077,144.9602499
Club Asuka,2008,59-63 Bourke Street,Melbourne (CBD),150,-37.81212537,144.9715659
Vibe Hotel,2008,419-443 Royal Parade,Parkville,69,-37.78289944,144.958804
INU Bar & Restuarant,2008,156-292 Grattan Street,Parkville,200,-37.79739836,144.9612468
BCM Bar & Balcony,2011,425-427 Docklands Drive,Docklands,350,-37.81517782,144.9390269
Pensione Hotel Melbourne,2008,10-22 Spencer Street,Melbourne (CBD),50,-37.82050677,144.9552421
Jankara Japanese Bar,2008,300 Russell Street,Melbourne (CBD),80,-37.80951668,144.966904
Bisq Cafe,2008,107-109 Flinders Lane,Melbourne (CBD),170,-37.81560645,144.9708344
Rue Bebelons,2008,319-323 Swanston Street,Melbourne (CBD),100,-37.81076317,144.9640475
Sahara Restaurant,2008,301-303 Swanston Street,Melbourne (CBD),140,-37.81107765,144.9641938
Club Odeon,2008,8 Whiteman Street,Southbank,560,-37.82312164,144.9586604
Studio 3,2008,8 Whiteman Street,Southbank,900,-37.82312164,144.9586604
All Nations Bar,2008,566-580 Flinders Street,Melbourne (CBD),98,-37.82072034,144.9553465
The Balcony,2008,422-428 Little Collins Street,Melbourne (CBD),200,-37.8159076,144.960326
The Adelphi Hotel,2008,187 Flinders Lane,Melbourne (CBD),80,-37.81635789,144.9683751
CitiClub On Queen Hotel,2008,111-129 Queen Street,Melbourne (CBD),1505,-37.81581152,144.9606367
Kouzina Restaurant,2008,3 Southgate Avenue,Southbank,200,-37.82066923,144.9662623
Blue Diamond Salon,2008,111-129 Queen Street,Melbourne (CBD),60,-37.81581152,144.9606367
Fluid Oz Bar,2004,442-450 Elizabeth Street,Melbourne (CBD),365,-37.8083077,144.9608588
Bass Lounge,2008,100-116 Bourke Street,Melbourne (CBD),350,-37.81170307,144.9697778
Oaks on Market,2008,54-60 Market Street,Melbourne (CBD),45,-37.81778076,144.9608283
Club F4,2004,318-322 Little Collins Street,Melbourne (CBD),380,-37.81488174,144.9640121
Madisons Restaurant Bar Lounge,2004,457-471 Bourke Street,Melbourne (CBD),280,-37.81547268,144.9601886
RU-CO,2013,121-131 Collins Street,Melbourne (CBD),400,-37.81516811,144.9698467
Deep Dish Bar & Cafe,2004,156-292 Grattan Street,Parkville,400,-37.79739836,144.9612468
Hidden Bar Restaurant,2004,313-315 Flinders Lane,Melbourne (CBD),100,-37.81763918,144.9638507
Decca Bar,2011,93-95 Queen Street,Melbourne (CBD),167,-37.81637876,144.9609695
The Hi -Fi Melbourne,2011,125-133 Swanston Street,Melbourne (CBD),800,-37.81472467,144.9658102
Ra,2013,86-88 Collins Street,Melbourne (CBD),83,-37.81393777,144.9705847
Canary Club,2008,114-120 Russell Street,Melbourne (CBD),150,-37.81350285,144.9689753
Kingpin Melbourne Central,2008,183-265 La Trobe Street,Melbourne (CBD),760,-37.81073331,144.9630189
Hush Bar @ Melbourne Central,2008,183-265 La Trobe Street,Melbourne (CBD),200,-37.81073331,144.9630189
Hoyts Cinemas,2008,183-265 La Trobe Street,Melbourne (CBD),300,-37.81073331,144.9630189
The Pub At Crown,2008,8 Whiteman Street,Southbank,300,-37.82312164,144.9586604
Fidel's Bar & Lounge,2008,8 Whiteman Street,Southbank,100,-37.82312164,144.9586604
The Melbourne Room,2006,391-393 Little Lonsdale Street,Melbourne (CBD),175,-37.81187439,144.9603411
Section 8 Container Bar,2006,27-29 Tattersalls Lane,Melbourne (CBD),100,-37.81176167,144.9653899
Lower House,2006,2 Swanston Street,Melbourne (CBD),355,-37.81784465,144.9699175
E-Fiftyfive,2013,55-57 Elizabeth Street,Melbourne (CBD),88,-37.81697242,144.9641302
Equinox Bar Restaurant,2013,183-265 La Trobe Street,Melbourne (CBD),80,-37.81073331,144.9630189
Partyworld,2013,183-265 La Trobe Street,Melbourne (CBD),500,-37.81073331,144.9630189
Red Rhythm,2006,252-254 Flinders Lane,Melbourne (CBD),30,-37.8166033,144.9655966
L2 Cafe Bar,2006,338-352 Bourke Street,Melbourne (CBD),362,-37.81360425,144.9632879
Tunnel Nightclub,2006,590-592 Little Bourke Street,Melbourne (CBD),700,-37.81533836,144.9546987
Velvet Underground,2013,167-175 Franklin Street,Melbourne (CBD),200,-37.80895967,144.9591538
Spice Market,2013,121-131 Collins Street,Melbourne (CBD),600,-37.81516811,144.9698467
Paris Cat Jazz Club,2006,4-6 Goldie Place,Melbourne (CBD),200,-37.81351769,144.9608287
Melbourne Central Lion Heart,2006,183-265 La Trobe Street,Melbourne (CBD),550,-37.81073331,144.9630189
Kingpin Melbourne Central Pty Ltd,2006,183-265 La Trobe Street,Melbourne (CBD),760,-37.81073331,144.9630189
Hoyts Cinemas Limited,2006,183-265 La Trobe Street,Melbourne (CBD),300,-37.81073331,144.9630189
The Fringe,2013,33-39 Little Lonsdale Street,Melbourne (CBD),400,-37.8091842,144.9707325
Strike Bowling,2011,221 Little Lonsdale Street,Melbourne (CBD),370,-37.810658,144.9657034
Caffeine At Re Vault,2011,344 Swanston Street,Melbourne (CBD),150,-37.80818365,144.9645504
Bambu Bar,2011,107-109 Flinders Lane,Melbourne (CBD),230,-37.81560645,144.9708344
University House Club,2011,156-292 Grattan Street,Parkville,611,-37.79739836,144.9612468
INU Bar & Restuarant/Chefs Table,2011,156-292 Grattan Street,Parkville,200,-37.79739836,144.9612468
Captain Melville,2013,34-38 Franklin Street,Melbourne (CBD),355,-37.80752292,144.9616126
The Paris Cat,2011,4-6 Goldie Place,Melbourne (CBD),120,-37.81351769,144.9608287
Lagerfield Bar & Beer Garden,2013,8 Whiteman Street,Southbank,650,-37.82312164,144.9586604
Fireflies Club,2013,118-122 Bourke Street,Melbourne (CBD),72,-37.81207418,144.969548
The Emerald Peacock,2011,233-237 Lonsdale Street,Melbourne (CBD),300,-37.81158031,144.9655481
The Trust,2013,21-31 Market Street,Melbourne (CBD),350,-37.81864585,144.9604206
The Joint Bar,2016,31-39 Elizabeth Street,Melbourne (CBD),329,-37.81741878,144.9643316
Massoni Wine Bar,2013,90-98 Collins Street,Melbourne (CBD),112,-37.8139675,144.9702813
Fashion Lounge,2013,121-123 Flinders Lane,Melbourne (CBD),350,-37.81567009,144.9705132
The Fair Trader,2013,11-37 Exhibition Street,Melbourne (CBD),118,-37.81546152,144.9717262
Tramp Bar,2011,14-20 King Street,Melbourne (CBD),200,-37.81977635,144.9577148
Forum Theatre Bar,2013,150-162 Flinders Street,Melbourne (CBD),1500,-37.81648541,144.9693866
HJC Bar,2013,156-292 Grattan Street,Parkville,200,-37.79739836,144.9612468
Meat Ball,2013,133-135 Flinders Lane,Melbourne (CBD),110,-37.81573536,144.9701585
Red Love,2011,401-405 Swanston Street,Melbourne (CBD),200,-37.80904283,144.963217
Cafe De Tuscany,2011,429 Little Collins Street,Melbourne (CBD),117,-37.8162783,144.960452
Rooftop Bar & Cinema,2011,248-258 Swanston Street,Melbourne (CBD),200,-37.81199559,144.9652504
The Last Jar,2016,614-616 Elizabeth Street,Carlton,250,-37.80389369,144.9589387
24 Moons,2011,104-112 Flinders Street,Melbourne (CBD),195,-37.81600001,144.9711544
Highlander Bar,2011,11A Highlander Lane,Melbourne (CBD),202,-37.81970334,144.9579702
Gami Chicken and Beer,2011,100 Little Lonsdale Street,Melbourne (CBD),73,-37.80913623,144.9687195
Section 8 Bar,2013,27-29 Tattersalls Lane,Melbourne (CBD),100,-37.81176167,144.9653899
Rooftop Cinema & Bar,2013,248-258 Swanston Street,Melbourne (CBD),200,-37.81199559,144.9652504
CO,2011,8 Whiteman Street,Southbank,560,-37.82312164,144.9586604
P J O'Briens Irish Pub & Side Bar,2011,3 Southgate Avenue,Southbank,550,-37.82066923,144.9662623
Bertha Brown,2011,562-564 Flinders Street,Melbourne (CBD),270,-37.82056934,144.9556291
Partyworld Karaoke,2011,183-265 La Trobe Street,Melbourne (CBD),500,-37.81073331,144.9630189
Transport Hotel,2011,2 Swanston Street,Melbourne (CBD),600,-37.81784465,144.9699175
Eve Bar Lounge,2006,334-342 City Road,Southbank,600,-37.82783816,144.9573539
High Fidelity,2011,457-471 Bourke Street,Melbourne (CBD),500,-37.81547268,144.9601886
Turf Club Hotel,2013,1-3 Flemington Road,North Melbourne,629,-37.80130394,144.9563792
Ponfish Island,2011,Evan Walker Bridge,Southbank,150,-37.81968992,144.9650858
Cabana Club,2011,69-73 Collins Street,Melbourne (CBD),180,-37.8143446,144.9713489
Tufclub,2011,1-3 Flemington Road,North Melbourne,629,-37.80130394,144.9563792
Transit Cocktail Lounge,2011,2 Swanston Street,Melbourne (CBD),200,-37.81784465,144.9699175
Lucky Chans,2011,8 Whiteman Street,Southbank,340,-37.82312164,144.9586604
Crown Casino,2011,8 Whiteman Street,Southbank,320,-37.82312164,144.9586604
Vibe Savoy Hotel Melbourne,2011,122-132 Spencer Street,Melbourne (CBD),40,-37.81777221,144.9539293
BLVD Bar,2006,1-9 Freshwater Place,Southbank,562,-37.82167834,144.962154
The European,2011,161 Spring Street,Melbourne (CBD),703,-37.8109513,144.9724291
M.O.O.,2011,318-322 Little Bourke Street,Melbourne (CBD),55,-37.81292437,144.9631276
Campari House,2011,21-25 Hardware Lane,Melbourne (CBD),326,-37.81409153,144.9613142
Legends Bar,2013,122-148 Harbour Esplanade,Docklands,250,-37.81656591,144.9475776
Wonderland Karaoke,2013,206-218 Bourke Street,Melbourne (CBD),400,-37.81259409,144.9668768
VS Sports Bar,2013,206-218 Bourke Street,Melbourne (CBD),80,-37.81259409,144.9668768
R2 Restaurant & Bar,2011,54-60 Market Street,Melbourne (CBD),370,-37.81778076,144.9608283
Alexis Restaurant,2011,54-60 Market Street,Melbourne (CBD),370,-37.81778076,144.9608283
Cabinet Bar,2008,146 Swanston Street,Melbourne (CBD),100,-37.81417648,144.9662039
Charlie's Bar,2008,67-73 Hardware Lane,Melbourne (CBD),143,-37.81323451,144.960908
The Melbourne RSL,2011,27 Windsor Place,Melbourne (CBD),240,-37.81194657,144.9724924
Recorded Music Salon,2008,11 Collins Street,Melbourne (CBD),110,-37.81377997,144.9734622
Eve Bar Launge,2008,334-342 City Road,Southbank,600,-37.82783816,144.9573539
Chez Regine,2011,270 Russell Street,Melbourne (CBD),90,-37.81011116,144.9671591
Mail Exchange Hotel,2011,672-696 Bourke Street,Melbourne (CBD),600,-37.81663038,144.9535902
Levels Nightclub,2013,137-141 Bourke Street,Melbourne (CBD),400,-37.81279907,144.9691653
Batman's Hill On Collins Hotel,2011,607-623 Collins Street,Melbourne (CBD),1500,-37.81929312,144.95469
Money Order Office,2008,318-322 Little Bourke Street,Melbourne (CBD),55,-37.81292437,144.9631276
Eau-De-Vie,2013,84-94 Flinders Street,Melbourne (CBD),150,-37.81587662,144.9716757
Eureka 89 Pty Ltd,2006,3-7 Riverside Quay,Southbank,150,-37.82166549,144.9645668
Bambu Cafe,2008,107-109 Flinders Lane,Melbourne (CBD),170,-37.81560645,144.9708344
Jwow Bar,2011,221 Little Lonsdale Street,Melbourne (CBD),100,-37.810658,144.9657034
Music Box  - Karaoke Bar,2008,547-549 Elizabeth Street,North Melbourne,150,-37.80538132,144.9584784
Fusion,2008,8 Whiteman Street,Southbank,600,-37.82312164,144.9586604
Alto Events,2013,338-352 Bourke Street,Melbourne (CBD),400,-37.81360425,144.9632879
Vodka Locka & Red Leaf Restaurant,2011,2 Boundary Road,North Melbourne,40,-37.79531826,144.9392333
Bar Ampere,2013,16-30 Russell Place,Melbourne (CBD),60,-37.81355434,144.9674275
Blue Moon Bar,2013,50-58 MacKenzie Street,Melbourne (CBD),200,-37.80749583,144.9660836
Candela Nuevo,2016,2-8 Queen Street,Melbourne (CBD),300,-37.81858716,144.9627098
Mon Bijou,2016,187 Flinders Lane,Melbourne (CBD),180,-37.81635789,144.9683751
Roxanne Parlour,2011,152-158 Bourke Street,Melbourne (CBD),450,-37.81206119,144.9685359
The Brasilian Bean,2013,430-442 Collins Street,Melbourne (CBD),80,-37.81703239,144.9597623
Saint & Rogue,2013,582-584 Little Collins Street,Melbourne (CBD),300,-37.81740928,144.9553525
The Long Room,2013,162-168 Collins Street,Melbourne (CBD),620,-37.81450301,144.9678476
Flemington & Kensington RSL Club,2008,25-27 Rankins Road,Kensington,90,-37.78932218,144.9321953
Guandi Lounge & Bar,2011,213-217 Russell Street,Melbourne (CBD),100,-37.81156167,144.9672365
Pearson and Murph'y Cafe,2011,124 La Trobe Street,Melbourne (CBD),156,-37.80818365,144.9645504
Ice Lounge & Ski Lounge,2011,296-298 Russell Street,Melbourne (CBD),152,-37.80957196,144.9669287
The Beaufort,2016,415-421 Rathdowne Street,Carlton,50,-37.79652005,144.9704262
All Nations Backpackers Bar,2013,566-580 Flinders Street,Melbourne (CBD),98,-37.82072034,144.9553465
Papa Goose,2011,91-93 Flinders Lane,Melbourne (CBD),440,-37.81543506,144.9712228
Bisq Bar & Grill,2011,107-109 Flinders Lane,Melbourne (CBD),170,-37.81560645,144.9708344
Eureka 89,2011,3-7 Riverside Quay,Southbank,150,-37.82166549,144.9645668
The Atlantic,2011,8 Whiteman Street,Southbank,508,-37.82312164,144.9586604
Chaplin Karaoke Bar,2011,428-432 Little Bourke Street,Melbourne (CBD),90,-37.81392392,144.9597229
Treasury Restaurant,2011,394 Collins Street,Melbourne (CBD),250,-37.81666775,144.9610454
Syn Bar,2011,163-169 Russell Street,Melbourne (CBD),350,-37.81246709,144.9676479
Oddfellows Hotel,2011,33-39 Little Lonsdale Street,Melbourne (CBD),400,-37.8091842,144.9707325
Pop,2013,68-78 Hardware Lane,Melbourne (CBD),280,-37.8130703,144.9611061
NG Karaoke Bar,2013,242-244 Little Bourke Street,Melbourne (CBD),334,-37.81213633,144.965603
Rosati Restaurant,2011,95-101 Flinders Lane,Melbourne (CBD),840,-37.81553247,144.9711039
Left Bank Melbourne,2011,1-9 Southbank Boulevard,Southbank,400,-37.8210403,144.9628914
Seamstress,2011,113 Lonsdale Street,Melbourne (CBD),160,-37.81056538,144.9690111
Cash Box KTV,2011,22-26 Corrs Lane,Melbourne (CBD),200,-37.8109979,144.9683249
Carpe Diem Bar & Lounge,2011,22-26 Corrs Lane,Melbourne (CBD),50,-37.8109979,144.9683249
The Elephant and Wheelbarrow,2013,94-96 Bourke Street,Melbourne (CBD),450,-37.81191058,144.9702485
The Night Cat City,2011,277-279 Flinders Lane,Melbourne (CBD),400,-37.81724201,144.9652979
Deck 10,2011,187 Flinders Lane,Melbourne (CBD),116,-37.81635789,144.9683751
Paloma,2011,480-490 Collins Street,Melbourne (CBD),80,-37.8176551,144.9579514
Eleven 37,2011,11-37 Exhibition Street,Melbourne (CBD),123,-37.81546152,144.9717262
Belgian Beer Cafe Melbourne,2013,3-7 Riverside Quay,Southbank,638,-37.82166549,144.9645668
Curve Bar,2013,100 St Kilda Road,Southbank,300,-37.82094188,144.9682264
Rockstar Bowling,2011,183-265 La Trobe Street,Melbourne (CBD),760,-37.81073331,144.9630189
Blvd Bar,2008,1-9 Freshwater Place,Southbank,562,-37.82167834,144.962154
Astor Hotel,2016,414-422 Lygon Street,Carlton,120,-37.79694555,144.9678126
Wolfs Lair,2016,331-335 Lygon Street,Carlton,80,-37.7975082,144.9671779
K29 Karaoke Lounge Bar,2011,209-215 Bourke Street,Melbourne (CBD),150,-37.81328093,144.9672994
The Lounge,2013,243-249 Swanston Street,Melbourne (CBD),212,-37.81230108,144.9647365
