Clem's Island,2004,0 Evan Walker Bridge,Southbank,15,,
Roy's Cafe,2017,117 Grattan Street,Carlton,21,-37.80080042,144.9656241
Via Veneto,2004,234-236 Lygon Street,Carlton,120,-37.80169334,144.9672291
Mawal,2015,152-154 Lygon Street,Carlton,20,-37.80359309,144.9667447
Cafe Corretto,2016,225-229 Lygon Street,Carlton,60,-37.80004558,144.966741
Spice Temple,2015,8 Whiteman Street,Southbank,180,-37.82312164,144.9586604
Happy Bites,2007,89-91 City Road,Southbank,8,-37.8225552,144.9651132
Felicci's,2017,1 Phillip Court,Port Melbourne,44,-37.82600955,144.920988
Maio Cafe,2015,45 Collins Street,Melbourne (CBD),96,-37.81430616,144.9726281
Nashi,2006,45 Collins Street,Melbourne (CBD),6,-37.81430616,144.9726281
Lygon Food Store,2004,263 Lygon Street,Carlton,48,-37.79929755,144.966868
Othello,2002,6 Riverside Quay,Southbank,60,-37.82082512,144.9638287
Home Turf Cafe,2015,400 Epsom Road,Kensington,25,-37.78417751,144.9168903
San Churro,2009,23-37 Star Crescent,Docklands,64,-37.81315031,144.9378299
Sori Cafe,2008,174 Bellair Street,Kensington,12,-37.79360999,144.9299293
Gurkhas,2011,258 Lygon Street,Carlton,25,-37.80113981,144.9671684
Riverwalk Cafe,2008,6 Riverside Quay,Southbank,38,-37.82082512,144.9638287
Hotel Ibis,2008,15-21 Therry Street,Melbourne (CBD),75,-37.80713788,144.9614059
No35,2016,25-45 Collins Street,Melbourne (CBD),200,-37.81430616,144.9726281
Nila,2005,1-15 Degraves Street,Melbourne (CBD),25,-37.81760781,144.9656264
Tiamo Coffee,2013,303 Lygon Street,Carlton,20,-37.79822136,144.9670898
Wagamama,2013,3 Southgate Avenue,Southbank,96,-37.82066923,144.9662623
Tengu Sushi,2012,431 Little Collins Street,Melbourne (CBD),20,-37.81629333,144.9603969
Jarrah Restaurant & Bar,2010,24-26 Southgate Avenue,Southbank,60,-37.82038777,144.9671147
Classic Curry Company,2015,597 Elizabeth Street,North Melbourne,30,-37.80439444,144.958143
Karlos,2011,211-229 Sturt Street,Southbank,31,-37.82967464,144.9661569
Donoghue's,2017,550 Lonsdale Street,Melbourne (CBD),50,-37.8134766,144.9560169
B &B' Guette Cafe,2015,305-307 Exhibition Street,Melbourne (CBD),38,-37.80879339,144.9687626
Teppansan,2007,179 Russell Street,Melbourne (CBD),50,-37.81225906,144.9675307
Nando's,2012,258-274 Collins Street,Melbourne (CBD),80,-37.81536587,144.9648999
Blakes Feast,2004,113-129 Sturt Street,Southbank,50,-37.8271278,144.9669591
Aix Cafe Creperie Salon,2013,252-254 Flinders Lane,Melbourne (CBD),8,-37.8166033,144.9655966
Yummy Yummy,2007,173-181 Victoria Street,West Melbourne (Residential),4,-37.80606639,144.9556037
La Parisienne Pates,2012,290 Lygon Street,Carlton,10,-37.80017897,144.9673254
Dikstein's Corner Bar,2010,433 Little Collins Street,Melbourne (CBD),20,-37.81631094,144.9603413
Harbour Coffee House,2012,194-206 Harbour Esplanade,Docklands,6,-37.81396231,144.9449612
Subway,2017,97-103 Elizabeth Street,Melbourne (CBD),16,-37.81592157,144.9634979
Al Capone's Pizzeria,2013,10 Gatehouse Drive,Kensington,10,-37.79170781,144.9194456
Unisquare Cafe,2005,165 Pelham Street,Carlton,8,-37.80239254,144.9610729
Vic Fish Licensed Cafe,2003,65-81 Victoria Street,Melbourne (CBD),26,-37.80745984,144.9572395
Broadcast Cafe,2015,150-170 Harbour Esplanade,Docklands,90,-37.81566514,144.9458827
Shanghai Noodle House,2005,242-244 Little Bourke Street,Melbourne (CBD),52,-37.81213633,144.965603
Fraus Crepes & Chocolat,2013,345 Victoria Street,West Melbourne (Residential),60,-37.80546579,144.9499616
Sud,2012,217-219 King Street,Melbourne (CBD),38,-37.81514931,144.9548584
Ding Dong Lounge,2013,18-24 Market Lane,Melbourne (CBD),80,-37.81175137,144.9694031
The Essoign Club Ltd,2003,205-221 William Street,Melbourne (CBD),80,-37.81427718,144.9571446
Sushi Bar Rin,2003,251-257 Collins Street,Melbourne (CBD),6,-37.81635062,144.9656511
Red Cup,2008,106-120 Collins Street,Melbourne (CBD),50,-37.81398457,144.9693797
Parkville Store,2016,52 Morrah Street,Parkville,8,-37.79525038,144.9556719
Depot On Spencer,2007,468-470 Spencer Street,West Melbourne (Residential),10,-37.80931286,144.9497515
Mellow's Restaurant and Bar,2004,66-88 Lygon Street,Carlton,40,-37.80530329,144.9665747
Otoya,2006,221-231 Collins Street,Melbourne (CBD),30,-37.81584476,144.9663304
Simpsons Chips & Burgers,2014,143-153 Russell Street,Melbourne (CBD),8,-37.81310923,144.9679684
Lapres Midi,2012,163-169 Russell Street,Melbourne (CBD),25,-37.81246709,144.9676479
Restaurants,2006,122-148 Harbour Esplanade,Docklands,16,-37.81656591,144.9475776
Funk Fish,2017,65-81 Victoria Street,Melbourne (CBD),24,-37.80745984,144.9572395
Kuni's Japanese Restaurant,2012,196-226 Exhibition Street,Melbourne (CBD),70,-37.81055707,144.9704962
Atami Sushi & Catering,2010,613-639 Little Collins Street,Melbourne (CBD),6,-37.81818484,144.9543659
Malthouse Kitchen,2011,113-129 Sturt Street,Southbank,70,-37.8271278,144.9669591
Hardimans Hotel,2013,521-535 Macaulay Road,Kensington,230,-37.79442113,144.9283553
Tuscan Bar Melbourne,2014,79-85 Bourke Street,Melbourne (CBD),148,-37.81217956,144.9710404
Musicbox  - Karaoke Bar,2012,547-549 Elizabeth Street,North Melbourne,60,-37.80538132,144.9584784
Arrivederci Restaurant,2005,191 Nicholson Street,Carlton,70,-37.79568657,144.9749221
Indulgence Corner Bakery - Cafe,2007,267-275 Flinders Lane,Melbourne (CBD),20,-37.81710105,144.9654844
The Servery,2014,42-50 Rosslyn Street,West Melbourne (Residential),34,-37.80739774,144.9525725
Teppenyaki Inn,2003,182 Collins Street,Melbourne (CBD),120,-37.81479918,144.9674537
Cafe Port IT,2008,59-85 Turner Street,Port Melbourne,20,-37.82304058,144.9253775
The Deli Counter,2016,207-213 Queen Street,Melbourne (CBD),4,-37.81386746,144.9599073
Char Siu House,2007,37 Errol Street,North Melbourne,16,-37.80412429,144.9490851
Uni Square Cafe,2016,165 Pelham Street,Carlton,6,-37.80239254,144.9610729
Sushi Masa,2005,10 Bourke Street,Melbourne (CBD),8,-37.8112354,144.9725554
Riverslide Skate Park,2010,St Kilda Road,Melbourne (Remainder),6,-37.82065979,144.9721254
APT Management Pty Ltd,2012,209-215 Bourke Street,Melbourne (CBD),80,-37.81328093,144.9672994
Hellens MacAulay Road Takeaway,2004,413-431 Macaulay Road,Kensington,2,-37.794995,144.9327735
Sinbad's Middle Eastern Cuisine,2011,740-750 Swanston Street,Carlton,16,-37.79899938,144.9647653
Melbourne Pizza Bar,2005,181-183 King Street,Melbourne (CBD),6,-37.81589843,144.9551743
Portside Deli,2003,3 Central Boulevard,Port Melbourne,47,-37.82221049,144.9187862
La Di Da,2017,188-202 King Street,Melbourne (CBD),80,-37.81551353,144.9556244
Nando's Melbourne Central,2012,183-265 La Trobe Street,Melbourne (CBD),122,-37.81073331,144.9630189
Red Silks Restaurant,2004,194-200 Bourke Street,Melbourne (CBD),125,-37.8124312,144.9672768
French Lettuce,2012,237-239 Nicholson Street,Carlton,9,-37.79439894,144.9751345
Kimurakan Japanese Cafe,2009,238 Little Bourke Street,Melbourne (CBD),60,-37.81224859,144.9657813
"Mischas Pizza, Pasta & Salad",2013,37-43 Caravel Lane,Docklands,100,-37.8149263,144.9406594
Degani Bakery Cafe @ Galleria,2011,385 Bourke Street,Melbourne (CBD),30,-37.81491502,144.9629442
Errol's Pantry Bakehouse,2005,69-71 Errol Street,North Melbourne,40,-37.80345572,144.9490835
Petty Sessions Cafe,2012,247-257 William Street,Melbourne (CBD),120,-37.81317907,144.9566979
Golden House Chinese Restaurant,2009,63-85 Queens Bridge Street,Southbank,96,-37.82386991,144.9612916
KFC Carlton,2007,743-751 Swanston Street,Carlton,10,-37.8006201,144.9636423
Tokio Japanese Take-Away,2012,309-325 Bourke Street,Melbourne (CBD),15,-37.81445406,144.9645323
McDonald's,2011,468-478 Collins Street,Melbourne (CBD),68,-37.81753764,144.9583339
Murasaki Japanese Restaurant,2008,24-30 Russell Street,Melbourne (CBD),80,-37.81599798,144.9698948
Spicy Fish Restaurant,2010,222-244 Bourke Street,Melbourne (CBD),80,-37.81272047,144.9662952
Water & Grass,2008,32-38 Bourke Street,Melbourne (CBD),12,-37.81136083,144.9719781
Tribel Cafe,2008,Peel Street,Melbourne (CBD),16,-37.80745984,144.9572395
Hungry Jack's,2012,151-169 Kings Way,Southbank,30,-37.82864999,144.9638608
Kerekere,2014,207-227 City Road,Southbank,46,-37.82576299,144.9612867
Market Lane Coffee,2015,176-178 Faraday Street,Carlton,4,-37.79857335,144.9684894
Hopscotch,2017,4 Riverside Quay,Southbank,200,-37.82092509,144.9633758
Mum Mum Asian Street Food,2016,65-67 Flemington Road,North Melbourne,4,-37.79936937,144.9540004
Von Haus,2013,54-62 Bourke Street,Melbourne (CBD),29,-37.81156933,144.9713808
Curry Paradise,2011,221-231 Collins Street,Melbourne (CBD),48,-37.81584476,144.9663304
Breadtop Bakery,2014,221 Little Lonsdale Street,Melbourne (CBD),20,-37.810658,144.9657034
Victoria Street Cafe,2005,268-276 Victoria Street,North Melbourne,12,-37.80580455,144.9573902
Shuji Sushi,2010,45-49 Bourke Street,Melbourne (CBD),80,-37.8119837,144.9719053
Papa Guiseppe Pizza & Pasta,2012,340-348 Abbotsford Street,North Melbourne,16,-37.798728,144.9465069
Breeze Cafe,2010,285-287 La Trobe Street,Melbourne (CBD),8,-37.81074698,144.9608289
Bellissimo Cucina & Trattoria,2009,425-427 Docklands Drive,Docklands,100,-37.81517782,144.9390269
Cafe Meditteranean,2008,220-226 Collins Street,Melbourne (CBD),32,-37.81528474,144.9661258
Jasper Kitchen,2012,489-499 Elizabeth Street,Melbourne (CBD),8,-37.80750344,144.9596331
The Brasserie by Phillippe Mouchel,2009,8 Whiteman Street,Southbank,70,-37.82312164,144.9586604
Watergate Convenience Store & Cafe Bar,2008,2-24 Waterview Walk,Docklands,12,-37.81925128,144.9479753
Treasury Eats Cafe,2008,1 MacArthur Street,East Melbourne,100,-37.81264492,144.9755868
Sushi Hut,2016,353-359 Little Collins Street,Melbourne (CBD),6,-37.81570426,144.9629844
By Korea,2013,212-222 La Trobe Street,Melbourne (CBD),44,-37.80962882,144.9628763
La Trobe Cafe,2009,360 La Trobe Street,Melbourne (CBD),8,-37.8107204,144.9591368
Eat Drink Bento,2004,115-123 Hardware Street,Melbourne (CBD),44,-37.81210735,144.9603936
Gurkha's Express,2012,492-500 Flinders Street,Melbourne (CBD),60,-37.81999599,144.9578288
Melbourne Aquarium,2007,King Street,Melbourne (CBD),146,-37.8204728,144.9589895
Cafe 5ive 70,2013,562-574 Bourke Street,Melbourne (CBD),50,-37.81550891,144.9567557
Crouton Cafe,2013,520-528 Victoria Street,North Melbourne,8,-37.80474738,144.9487135
Sugarbun,2015,205-207 Russell Street,Melbourne (CBD),60,-37.81169847,144.9672984
Phoenix Cafe,2004,347-349 King Street,West Melbourne (Residential),52,-37.81214527,144.9535142
Chocolate Buddha,2014,2 Swanston Street,Melbourne (CBD),93,-37.81784465,144.9699175
Namaste On King Indian Restaurant,2009,225-237 King Street,Melbourne (CBD),85,-37.81488684,144.9547419
Schwobs Swiss,2002,479-495 La Trobe Street,Melbourne (CBD),20,-37.81275166,144.9549514
Viet St,2017,353-359 Little Collins Street,Melbourne (CBD),5,-37.81570426,144.9629844
Cafe Maschera,2007,548-558 Little Bourke Street,Melbourne (CBD),80,-37.81491966,144.9559421
Primary Cafe,2007,381-405 Royal Parade,Parkville,70,-37.78398214,144.9586811
Yo-Chi,2017,194-196 Faraday Street,Carlton,24,-37.79844782,144.9680207
Redback Brewery Hotel,2003,75-79 Flemington Road,North Melbourne,213,-37.79895071,144.9533473
Dragon Boat Palace,2016,149-155 Lonsdale Street,Melbourne (CBD),380,-37.81090617,144.9680174
Sushi Sun,2003,72 Victoria Street,Carlton,29,-37.80670799,144.9654212
Tigerlily Cafe,2012,111-113 Grattan Street,Carlton,52,-37.80081687,144.9657698
Trend Cafe,2015,369-379 King Street,West Melbourne (Residential),12,-37.81166257,144.9532514
Noosh,2009,299-319 Queen Street,Melbourne (CBD),15,-37.81145082,144.9586601
Tokyo Garden,2005,360 La Trobe Street,Melbourne (CBD),45,-37.8107204,144.9591368
Cafe 123,2010,123-129 Lonsdale Street,Melbourne (CBD),4,-37.81072687,144.9686769
Izakaya Den,2013,114-120 Russell Street,Melbourne (CBD),52,-37.81350285,144.9689753
Sarti Restaurant & Bar,2007,188-194 Little Collins Street,Melbourne (CBD),50,-37.81390779,144.9675807
Queensberry Lunch Bar,2004,680-684 Queensberry Street,North Melbourne,6,-37.80234575,144.944795
Kenny's Bakery Cafe,2009,184-192 Queen Street,Melbourne (CBD),6,-37.81402844,144.9606804
Koko Black,2011,331-339 Bourke Street,Melbourne (CBD),60,-37.81458812,144.964049
Nudel Bar,2007,76 Bourke Street,Melbourne (CBD),11,-37.81170263,144.9709443
Kawa Japanese Takeaway,2006,550 Lonsdale Street,Melbourne (CBD),10,-37.8134766,144.9560169
Masani's Italian Dinning & Terrace,2012,313-315 Drummond Street,Carlton,100,-37.79837995,144.968492
Lady Jade Tea House,2005,538-542 Little Collins Street,Melbourne (CBD),6,-37.81695942,144.956774
Alf's Cafe,2015,23-99 Commercial Road,Melbourne (Remainder),244,-37.84633593,144.982664
Bread Kingdom,2015,364-372 Lonsdale Street,Melbourne (CBD),10,-37.81220274,144.9614561
Hudson's Coffee,2005,410-420 Elizabeth Street,Melbourne (CBD),36,-37.80894909,144.9611573
Sally's Kitchen,2015,295-301 Exhibition Street,Melbourne (CBD),50,-37.80893166,144.9688284
Flower Drum,2009,124-128 Bourke Street,Melbourne (CBD),140,-37.81207094,144.9692645
Vibe Savoy Hotel Melbourne,2015,626-636 Little Collins Street,Melbourne (CBD),130,-37.81777221,144.9539293
Malaysian Oriental Wok,2010,309-325 Bourke Street,Melbourne (CBD),10,-37.81445406,144.9645323
Lakeside Bistro,2013,Elliott Avenue,Parkville,240,-37.78428452,144.9514349
Imperial Hotel,2002,2-8 Bourke Street,Melbourne (CBD),100,-37.8112003,144.972676
Hanaichi,2011,221 Little Lonsdale Street,Melbourne (CBD),24,-37.810658,144.9657034
Cafe Tre Sette,2013,139-143 Bouverie Street,Carlton,45,-37.80322367,144.9616994
Basso,2008,162-168 Collins Street,Melbourne (CBD),4,-37.81450301,144.9678476
Crust Gourmet Pizza Bar Kensington,2013,532-534 Macaulay Road,Kensington,8,-37.79401627,144.9284337
Toto's Pizza,2005,99-109 Lygon Street,Carlton,96,-37.80449163,144.9659744
Starbucks Coffee Company,2002,430-442 Collins Street,Melbourne (CBD),60,-37.81703239,144.9597623
Cafe No 2,2013,476-602 Footscray Road,West Melbourne (Industrial),68,-37.80663448,144.9231563
Chillipadi,2011,183-265 La Trobe Street,Melbourne (CBD),150,-37.81073331,144.9630189
Fix - Jamm Room,2008,439-441 Docklands Drive,Docklands,100,-37.81517782,144.9390269
Cafe Segovia,2004,317-321 Little Collins Street,Melbourne (CBD),16,-37.81528948,144.9642254
Delight Sandwich Bar,2008,259-263 Collins Street,Melbourne (CBD),22,-37.81620631,144.9653407
Origami Sushi & Noodles,2017,744-770 Bourke Street,Docklands,12,-37.81817241,144.947217
1 O 1 Deli,2006,114-128 Flinders Street,Melbourne (CBD),10,-37.81595762,144.9707353
Mad Mex,2015,20-30 Convention Centre Place,Southbank,28,-37.82539976,144.9523782
BMWMelbourne Pty Ltd,2005,102-156 City Road,Southbank,24,-37.82289124,144.9629727
Rajah of India,2006,70-74 Rosslyn Street,West Melbourne (Residential),50,-37.80775631,144.9520393
Solah,2013,240-254 Victoria Parade,East Melbourne,44,-37.80919457,144.9799791
Cafe 1899,2005,445-447 Queensberry Street,North Melbourne,6,-37.80357227,144.952777
Va Bene Pizzeria,2012,143-175 Harbour Esplanade,Docklands,30,-37.8165193,144.9435654
Sopranos,2007,89-91 City Road,Southbank,20,-37.8225552,144.9651132
The Pavilion,2017,Wellington Parade,East Melbourne,86,-37.81296163,144.9804557
The Sensible Sandwich Cafe,2010,464-468 Victoria Street,North Melbourne,6,-37.80500905,144.9505407
Cafe Giraffe,2009,302-304 Little Lonsdale Street,Melbourne (CBD),50,-37.81151662,144.960506
O-Bento,2011,494-512 Bourke Street,Melbourne (CBD),50,-37.81494883,144.9587607
Maria Trattoria,2009,122-124 Peel Street,North Melbourne,80,-37.80519937,144.9564599
Flagstaff City,2016,45-55 Dudley Street,West Melbourne (Residential),30,-37.81010661,144.951028
Schnitz,2009,231-233 Exhibition Street,Melbourne (CBD),16,-37.81051104,144.9695206
Nyonya Restaurant,2005,191 Lygon Street,Carlton,100,-37.80114228,144.9664967
Sumo Salad,2017,85-161 Spencer Street,Docklands,12,-37.81815358,144.9523393
Othello Greek Restaurant,2005,6 Riverside Quay,Southbank,100,-37.82082512,144.9638287
Markov,2007,350-352 Drummond Street,Carlton,10,-37.79771074,144.9692712
Riverside Deli & Coffee House,2017,472-482 Flinders Street,Melbourne (CBD),12,-37.81974184,144.9582721
Cafe Vista,2015,163-261 Spencer Street,Docklands,70,-37.81501701,144.951187
Goldern Nugget,2004,117-121 Lonsdale Street,Melbourne (CBD),50,-37.8107614,144.9689024
Di Bella Coffee,2017,19-21 Leveson Street,North Melbourne,60,-37.80447359,144.9505945
TGI Fridays Restarant & Bar,2015,183-265 La Trobe Street,Melbourne (CBD),330,-37.81073331,144.9630189
Zed Lounge & Cafe,2003,223 Victoria Street,West Melbourne (Residential),60,-37.80590009,144.9540448
Yeonga,2017,1-3 Cobden Street,North Melbourne,96,-37.80560474,144.956923
Foo-Go's,2013,258 Elgin Street,Carlton,45,-37.79670704,144.9655339
Amigos Hardware Lane,2017,75-77 Hardware Lane,Melbourne (CBD),44,-37.8131434,144.9608667
Sensory Lab,2015,299-307 Bourke Street,Melbourne (CBD),8,-37.81436987,144.9648958
ES Teler 77,2014,269-321 Lonsdale Street,Melbourne (CBD),6,-37.81245199,144.9638386
Cafe Diy,2008,121 William Street,Melbourne (CBD),32,-37.81636534,144.9578132
The Mill,2009,67-73 Hardware Lane,Melbourne (CBD),44,-37.81323451,144.960908
Degani Bakery Cafe,2008,372-380 Albert Street,East Melbourne,10,-37.80963919,144.9787048
Carlton Espresso,2004,326-328 Lygon Street,Carlton,28,-37.79932164,144.9674735
Cocoa Espresso,2015,75-77 Flinders Lane,Melbourne (CBD),18,-37.81514512,144.9722399
New York Tavern,2008,62-66 King Street,Melbourne (CBD),20,-37.81874137,144.9571409
Brioche by Phillip,2016,114-120 Russell Street,Melbourne (CBD),3,-37.81350285,144.9689753
Maestro Meze Bar,2006,211-213 Franklin Street,Melbourne (CBD),8,-37.8097181,144.957829
Salero Kito Padang Melbourne,2015,235-251 Bourke Street,Melbourne (CBD),30,-37.81376503,144.9665978
Golden Buddha Lounge,2015,244-250 Queen Street,Melbourne (CBD),90,-37.81269018,144.959964
Leela Wadee,2008,445-447 Queensberry Street,North Melbourne,50,-37.80357227,144.952777
Nelayan,2015,265-267 Swanston Street,Melbourne (CBD),62,-37.81201046,144.9646021
Cafe Itch,2011,161-169 Elgin Street,Carlton,12,-37.79757961,144.969295
Gi Gi Japanese Sushi,2009,237 Swanston Street,Melbourne (CBD),53,-37.81244693,144.9648043
Han Guuk Guan Korean Restaurant,2012,13A Victoria Street,Melbourne (CBD),100,-37.8075865,144.9679821
O Sushi,2009,143-153 Russell Street,Melbourne (CBD),6,-37.81310923,144.9679684
QB's Cafe,2006,261-263 Queensberry Street,Carlton,50,-37.80440558,144.9599256
Chinatown Dumpling Restaurant,2009,248-258 Swanston Street,Melbourne (CBD),50,-37.81199559,144.9652504
Club Asuka,2014,59-63 Bourke Street,Melbourne (CBD),80,-37.81212537,144.9715659
The Gourmet Baked Potato Cafe,2004,34 Errol Street,North Melbourne,30,-37.80435713,144.9497225
North Melbourne Takeaway & Snack Bar,2012,95 Dryburgh Street,North Melbourne,17,-37.80428921,144.9429106
Spanish Doughnuts,2010,274-282 Flinders Street,Melbourne (CBD),6,-37.81763649,144.965095
Langleys,2013,654-670 Bourke Street,Melbourne (CBD),11,-37.81626998,144.9540371
Meyers Place Bar,2014,20 Meyers Place,Melbourne (CBD),50,-37.81207814,144.9723505
City Convenience Store,2005,228-236 Flinders Street,Melbourne (CBD),20,-37.81724878,144.9665517
John Curtin Hotel,2009,27-31 Lygon Street,Carlton,71,-37.80619915,144.9656988
Urban Central Accomodation,2009,334-342 City Road,Southbank,50,-37.82783816,144.9573539
The Grey Smith,2016,122-130 Wellington Parade,East Melbourne,28,-37.81609349,144.9859889
Wing Loong Chinese Restaurant,2016,506-516 Elizabeth Street,Melbourne (CBD),60,-37.80671508,144.9601828
Altitude,2004,163-169 Russell Street,Melbourne (CBD),55,-37.81246709,144.9676479
Royal Standard Hotel,2007,333-337 William Street,West Melbourne (Residential),150,-37.80781408,144.9542537
Tsindos Greek Restaurant,2002,197 Lonsdale Street,Melbourne (CBD),80,-37.81128456,144.9665765
LeCirque,2016,23-37 Star Crescent,Docklands,25,-37.81315031,144.9378299
La Vita Buona 'The Good Life',2010,199-209 Collins Street,Melbourne (CBD),12,-37.81584777,144.9674304
Double Gauge,2015,840-850 Collins Street,Docklands,75,-37.82092961,144.9445328
The Mint Bar & Bistro,2007,318 William Street,Melbourne (CBD),48,-37.81209045,144.9573609
Turf Club Hotel,2017,1-3 Flemington Road,North Melbourne,64,-37.80130394,144.9563792
Golden Monkey,2006,389-395 Lonsdale Street,Melbourne (CBD),80,-37.81288006,144.9610121
Lonsdale Deli,2002,19-21 Lonsdale Street,Melbourne (CBD),3,-37.80981882,144.9715313
Degani At Urban Workshop,2017,32-54 Lonsdale Street,Melbourne (CBD),36,-37.8091842,144.9707325
The Dallas Deli,2002,180-184 Victoria Parade,East Melbourne,4,-37.80895362,144.9778946
University High School Canteen,2017,77 Story Street,Parkville,100,-37.79746671,144.9560633
Rejuice Bar & Cafe,2007,16-32 Rakaia Way,Docklands,10,-37.81460533,144.9412614
Royal Park Hotel/Pub,2010,399-405 Queensberry Street,North Melbourne,35,-37.80378609,144.9543149
Yue Hing Gourmet,2003,393-401 St Kilda Road,Melbourne (Remainder),8,-37.83570366,144.9760426
Madisons Restaurant Bar Lounge,2004,457-471 Bourke Street,Melbourne (CBD),37,-37.81547268,144.9601886
Snapperhead Fish And Chips,2011,38-48 Haines Street,North Melbourne,7,-37.79823272,144.9466965
Butcher Shop Cafe,2016,72 Hawke Street,West Melbourne (Residential),22,-37.8080043,144.945578
El Subor,2015,500 Victoria Street,North Melbourne,70,-37.804917,144.9496812
Cafe Ella,2009,553-555 St Kilda Road,Melbourne (Remainder),84,-37.84685298,144.9803782
Cacao Fine Chocolates And Patisserie,2012,500-514 Collins Street,Melbourne (CBD),10,-37.81753383,144.9574732
La Cacciatora Restaurant,2011,218-224 Drummond Street,Carlton,80,-37.80116198,144.9685975
Threefold,2013,381-387 Flinders Lane,Melbourne (CBD),30,-37.81825094,144.961389
Meat Ball,2013,133-135 Flinders Lane,Melbourne (CBD),53,-37.81573536,144.9701585
Purple Peanuts Japanese Cafe,2014,612-624 Collins Street,Melbourne (CBD),15,-37.81867544,144.9543505
Alice Nevins,2017,228-236 Flinders Street,Melbourne (CBD),10,-37.81724878,144.9665517
ec Pot Cafe Bar,2007,221 Little Lonsdale Street,Melbourne (CBD),60,-37.810658,144.9657034
Original Sushi Bar,2005,331-339 Bourke Street,Melbourne (CBD),6,-37.81458812,144.964049
Portland Hotel,2008,115-127 Russell Street,Melbourne (CBD),40,-37.81367486,144.9681892
Minang Nasi Padang,2012,640 Swanston Street,Carlton,24,-37.80188571,144.9643119
Chine On Paramount / Chine Express,2013,100-116 Bourke Street,Melbourne (CBD),100,-37.81170307,144.9697778
Goldilocks,2017,264-266 Swanston Street,Melbourne (CBD),40,-37.81181063,144.9651474
.Com Internet Cafe,2002,349 Elizabeth Street,Melbourne (CBD),32,-37.81067436,144.9612081
Curry Bowl,2009,222-260 Elizabeth Street,Melbourne (CBD),12,-37.81261442,144.9628783
St Arnou,2004,582-584 Little Collins Street,Melbourne (CBD),101,-37.81740928,144.9553525
Cafenatics,2009,737-743 Bourke Street,Docklands,56,-37.81914692,144.9489519
Blu Point Caffe,2017,336 Russell Street,Melbourne (CBD),26,-37.80822377,144.9664575
The Pancake Parlour,2015,183-265 La Trobe Street,Melbourne (CBD),160,-37.81073331,144.9630189
Replay cafe,2016,397-407 Docklands Drive,Docklands,6,-37.81427742,144.9401994
Choix Creperie Cafe,2012,612-624 Collins Street,Melbourne (CBD),16,-37.81867544,144.9543505
Elceed Cafe,2017,610 Queensberry Street,North Melbourne,24,-37.80252643,144.9471385
Chatime,2016,221 Little Lonsdale Street,Melbourne (CBD),10,-37.810658,144.9657034
Tarng,2016,19-37 A'Beckett Street,Melbourne (CBD),40,-37.80894099,144.9626101
Velour,2010,121-123 Flinders Lane,Melbourne (CBD),50,-37.81567009,144.9705132
Zero Gravity Cafe Bar,2010,359-373 Collins Street,Melbourne (CBD),100,-37.81728432,144.9624418
Healthy Habits,2016,3-5 Star Circus,Docklands,10,-37.81315031,144.9378299
Limerick Castle Hotel & Restaurant,2012,161-163 Errol Street,North Melbourne,60,-37.80114341,144.9496139
Schwob's Swiss Gourmet Sandwich Bar,2002,509-515 St Kilda Road,Melbourne (Remainder),18,-37.8441033,144.9793624
Sakura Sushi Express,2008,389-395 Lonsdale Street,Melbourne (CBD),8,-37.81288006,144.9610121
Hungry Boys Cafe,2009,477 King Street,West Melbourne (Residential),6,-37.80886049,144.9516854
Summit Cafe & Bar,2007,694-704 Collins Street,Docklands,40,-37.81949297,144.9508705
Shenis Curries,2004,141-165 Collins Street,Melbourne (CBD),30,-37.81543178,144.9687553
Norsiah's Kitchen,2007,640 Swanston Street,Carlton,10,-37.80188571,144.9643119
Cafe 108,2004,106-116 A'Beckett Street,Melbourne (CBD),102,-37.80914342,144.9599969
The Tea Room,2014,130-200 St Kilda Road,Southbank,80,-37.82281707,144.9686338
Cafe 99,2007,98-166 Macaulay Road,North Melbourne,10,-37.79717284,144.9421193
Sea Salt,2017,256-268 Flinders Street,Melbourne (CBD),26,-37.81760781,144.9656264
Auction Rooms,2012,103-107 Errol Street,North Melbourne,104,-37.8024571,144.9494609
Domino's Pizza,2017,251-257 Cardigan Street,Carlton,15,-37.80077102,144.9651037
Egon's Conditorei Cafe and Bakery,2004,8 Collins Street,Melbourne (CBD),8,-37.81314231,144.9732575
Fo Guang Yuan Art Gallery,2013,131-141 Queen Street,Melbourne (CBD),60,-37.81549904,144.9605409
Kirk's Wine Bar,2014,380-384 Little Bourke Street,Melbourne (CBD),22,-37.81354346,144.9613283
Locusta,2007,171 Lygon Street,Carlton,95,-37.80165695,144.9664692
Espresso Hub,2014,641-679 Collins Street,Docklands,60,-37.81969578,144.9530968
Zio's Ristorante,2005,14 Lansdowne Street,East Melbourne,60,-37.80938005,144.9786966
Reflex Cafe,2005,1010 La Trobe Street,Docklands,50,-37.81400139,144.9455391
Jimmybeans Cafe,2008,224-252 La Trobe Street,Melbourne (CBD),4,-37.80965592,144.9623409
Scusami /L'osteria,2010,3 Southgate Avenue,Southbank,60,-37.82066923,144.9662623
The J Walk Cafe,2006,150 Lonsdale Street,Melbourne (CBD),80,-37.81012652,144.967574
"The Attic, Artisan Bread And Cafe",2017,578-606 Bourke Street,Melbourne (CBD),6,-37.81571393,144.9561073
Ajisen Ramen,2006,130-132 Bourke Street,Melbourne (CBD),60,-37.81223835,144.9691823
Becco,2014,11-25 Crossley Street,Melbourne (CBD),16,-37.81143018,144.9710142
Cafe Vicolino,2007,258-260 Flinders Lane,Melbourne (CBD),6,-37.81664468,144.9654744
The Fine Food Pantry,2011,132-142 Wellington Parade,East Melbourne,9,-37.81618515,144.9855915
Blu Fish,2012,578-606 Bourke Street,Melbourne (CBD),28,-37.81571393,144.9561073
Watershed Carwash & Cafe,2014,438-452 Spencer Street,West Melbourne (Residential),12,-37.80973186,144.9501054
Lorca,2014,258-260 Flinders Lane,Melbourne (CBD),18,-37.81664468,144.9654744
Taco Bill,2017,457-469 Macaulay Road,Kensington,12,-37.79484451,144.9315233
L'Amore Pizza & Restaurant,2013,744-770 Bourke Street,Docklands,32,-37.81817241,144.947217
Metro Hotel & Suites,2004,133-143 Jolimont Road,East Melbourne,55,-37.81796562,144.9782701
Animal Orchestra,2014,163 Grattan Street,Carlton,88,-37.80059737,144.9634206
Cafe Trevi,2014,294-296 Lygon Street,Carlton,36,-37.80004498,144.9673485
Metropolitan Hotel,2014,263-267 William Street,Melbourne (CBD),16,-37.81292397,144.9565837
3 Lt Monkeys,2017,252-254 Flinders Lane,Melbourne (CBD),4,-37.8166033,144.9655966
Feddish,2011,2 Swanston Street,Melbourne (CBD),120,-37.81784465,144.9699175
Moulin Rouge Cafe,2012,386-394 Spencer Street,West Melbourne (Residential),6,-37.81132597,144.9509457
Cafe Trutrack,2008,56-62 Leveson Street,North Melbourne,16,-37.80284239,144.9514854
Isabella,2010,18-22 Flemington Road,Parkville,36,-37.79885182,144.9550404
Eat Pizza Flinders Street,2017,545-557 Flinders Street,Melbourne (CBD),6,-37.82099397,144.9565185
Frescatis Fine Food Cafe,2006,469-477 La Trobe Street,Melbourne (CBD),90,-37.81251859,144.9552995
Epresso Cafe,2005,221-231 Queen Street,Melbourne (CBD),55,-37.81355361,144.9597543
Flower Temple,2011,221 Little Lonsdale Street,Melbourne (CBD),15,-37.810658,144.9657034
Orino Pty Ltd,2013,476-602 Footscray Road,West Melbourne (Industrial),150,-37.80663448,144.9231563
Robot Cafe,2004,302-308 Flinders Lane,Melbourne (CBD),12,-37.81719967,144.9638971
Klik Cafe,2010,296-310 La Trobe Street,Melbourne (CBD),15,-37.81010387,144.9604349
S M XL,2013,15-33 William Street,Melbourne (CBD),24,-37.8192157,144.9591876
White Rabbit Record Bar,2012,176 Bellair Street,Kensington,10,-37.7936563,144.9299348
Stassi Cafe,2011,346-376 Queen Street,Melbourne (CBD),52,-37.81024912,144.9592377
Degraves Espresso,2008,267-275 Flinders Lane,Melbourne (CBD),35,-37.81710105,144.9654844
Dot Com Internet Cafe,2005,349 Elizabeth Street,Melbourne (CBD),8,-37.81067436,144.9612081
Noodle Box,2013,111-129 Bourke Street,Melbourne (CBD),24,-37.81281453,144.9701092
Speck Cafe,2012,221-231 Queen Street,Melbourne (CBD),20,-37.81355361,144.9597543
Underbridge Sports Bar & Cafe,2016,816 Lorimer Street,Port Melbourne,52,-37.82210926,144.9309535
Cafe On Collins,2017,303-317 Collins Street,Melbourne (CBD),17,-37.81662708,144.9638231
Grill'd (QV),2015,221 Little Lonsdale Street,Melbourne (CBD),70,-37.810658,144.9657034
L'Incontro,2010,134-142 Swanston Street,Melbourne (CBD),100,-37.81430553,144.9662921
Il Nostro Posto,2016,60 Hardware Lane,Melbourne (CBD),21,-37.81328955,144.961215
CJ Lunchbar,2011,391-393 Little Lonsdale Street,Melbourne (CBD),22,-37.81187439,144.9603411
Oyster Little Bourke,2010,27-35 Little Bourke Street,Melbourne (CBD),93,-37.8109435,144.97183
Non Solo Pasta,2014,790-814 Collins Street,Docklands,72,-37.821044,144.9458305
Red Cafe,2007,367-377 Royal Parade,Parkville,48,-37.7849288,144.9585626
Olive Cafe,2005,61-71 Agnes Street,East Melbourne,40,-37.81680765,144.9799837
Passion Flower,2012,168-174 Bourke Street,Melbourne (CBD),50,-37.81251216,144.968248
Citi Espresso,2009,377-391 Swanston Street,Melbourne (CBD),15,-37.80945732,144.9634198
Hairy Little Sista,2013,218-242 Little Collins Street,Melbourne (CBD),80,-37.81413595,144.9667836
Chiara,2017,705-715 Collins Street,Docklands,20,-37.82096812,144.9511863
Mekong Vietnam,2016,239-241 Swanston Street,Melbourne (CBD),50,-37.81239263,144.9647784
Mitre Tavern,2008,5-9 Bank Place,Melbourne (CBD),100,-37.81680457,144.9603112
Mr Tulk Cafe,2006,304-328 Swanston Street,Melbourne (CBD),47,-37.80976881,144.965306
Mum Mums Bistro,2014,32-54 Lonsdale Street,Melbourne (CBD),54,-37.8091842,144.9707325
Il Bacaro Cucina E Bar,2014,166-186 Little Collins Street,Melbourne (CBD),45,-37.81376794,144.9678599
Tempting Pizza & Pasta,2006,221 Little Lonsdale Street,Melbourne (CBD),6,-37.810658,144.9657034
Jung Gun Restaurant,2017,535 Little Lonsdale Street,Melbourne (CBD),42,-37.8134766,144.9560169
Cafe Doppio,2002,258-274 Collins Street,Melbourne (CBD),74,-37.81536587,144.9648999
Engel's Sandwich Bar & Delicatessen,2010,18-22 Collins Street,Melbourne (CBD),10,-37.81330535,144.9728919
The Bond Store Cafe,2011,1 Riverside Quay,Southbank,12,-37.82193589,144.9638744
Father John Cafe,2017,199-207 Spring Street,Melbourne (CBD),18,-37.81012699,144.9720594
World Restaurant & Bar,2014,4 Riverside Quay,Southbank,200,-37.82092509,144.9633758
Baraki Upo Mezethes,2012,166-170 Lonsdale Street,Melbourne (CBD),60,-37.8105674,144.9673697
Bouverie Deli,2017,22-40 Lincoln Square North,Carlton,36,-37.8013409,144.9627288
Romany Cafe,2003,127-129 Lygon Street,Carlton,40,-37.80403007,144.9660441
Two Fat Indians,2015,162-168 Wellington Parade,East Melbourne,50,-37.81593696,144.9845144
Crema Espresso Bar,2011,57-67 Little Collins Street,Melbourne (CBD),40,-37.81309819,144.9716953
Royal Park Hotel,2002,399-405 Queensberry Street,North Melbourne,80,-37.80378609,144.9543149
De Alleyway Espresso,2015,318-322 Little Collins Street,Melbourne (CBD),26,-37.81488174,144.9640121
Smile Thai Restaurant,2017,357 Victoria Street,West Melbourne (Residential),4,-37.80538734,144.949623
We Cafe,2013,19-37 A'Beckett Street,Melbourne (CBD),24,-37.80894099,144.9626101
Alpino Restaurant,2003,262 Lygon Street,Carlton,24,-37.80103476,144.9671843
Princess Theatre,2015,163-181 Spring Street,Melbourne (CBD),55,-37.81072571,144.9723266
Power Cafe,2006,624-634 Bourke Street,Melbourne (CBD),10,-37.81601898,144.9548146
Toby's Espresso Bar,2011,136-144 Exhibition Street,Melbourne (CBD),10,-37.81240259,144.9711075
Stork Hotel,2007,502-504 Elizabeth Street,Melbourne (CBD),100,-37.80719768,144.9603498
Urban Burger,2010,744-770 Bourke Street,Docklands,20,-37.81817241,144.947217
Picasso Artee Cafe,2014,56-62 Lygon Street,Carlton,7,-37.80566982,144.9664413
Starbucks,2009,163-261 Spencer Street,Docklands,53,-37.81501701,144.951187
The Albany South Yarra,2010,1-23 Millswyn Street,South Yarra,40,-37.83699215,144.9797639
Caffe Court,2009,550 Lonsdale Street,Melbourne (CBD),20,-37.8134766,144.9560169
Franklin Cafe,2002,459-469 Swanston Street,Melbourne (CBD),40,-37.80779355,144.9626708
Whitte Tomato,2015,160-162 Bourke Street,Melbourne (CBD),90,-37.81244856,144.9684702
Ocean View Cafe & Bar,2009,263-329 Lorimer Street,Port Melbourne,16,-37.82483593,144.9052161
Coco Latte Cafe,2008,1-9 Exhibition Street,Melbourne (CBD),16,-37.81584246,144.9720412
Nick's Souvlaki Bar,2007,135-137 Lygon Street,Carlton,9,-37.80391066,144.966075
The Groove Train,2016,3-5 Star Circus,Docklands,60,-37.81315031,144.9378299
Dinkum Pies,2006,317-321 Little Collins Street,Melbourne (CBD),8,-37.81528948,144.9642254
Gordons Cafe-Bar,2004,304-306 Little Collins Street,Melbourne (CBD),12,-37.81473293,144.9643486
Rare Master Steakhouse,2011,57-67 Little Collins Street,Melbourne (CBD),110,-37.81309819,144.9716953
Do Kea Bi Korean BBQ Restaurant,2012,84-88 William Street,Melbourne (CBD),80,-37.81713691,144.9592899
Kensington Pizza,2011,1 Gower Street,Kensington,42,-37.79467114,144.9301099
Barista 101,2014,89-105 Collins Street,Melbourne (CBD),38,-37.81492031,144.9707498
Toast Caffe,2012,13-15 Errol Street,North Melbourne,34,-37.80463699,144.9490423
Grocery Bar East Melbourne,2013,162 Albert Street,East Melbourne,34,-37.81004657,144.9856254
VinTam's Bakery,2013,41-55 Victoria Harbour Promenade,Docklands,40,-37.81938143,144.9429888
Think Asia,2010,45 Collins Street,Melbourne (CBD),15,-37.81430616,144.9726281
Delifrance - Bourke Street,2011,235-251 Bourke Street,Melbourne (CBD),20,-37.81376503,144.9665978
Maison Ama Lurra,2013,123-129 Howard Street,North Melbourne,55,-37.80409478,144.9536961
Duke of Kent Hotel,2005,293-299 La Trobe Street,Melbourne (CBD),120,-37.81081439,144.9605086
La Stradda Cafe,2009,324-328 William Street,Melbourne (CBD),100,-37.81146268,144.9566886
Coffee n' all Customs House,2016,1010 La Trobe Street,Docklands,36,-37.81453858,144.9453402
Chi Cafe,2017,84-90 Albert Street,East Melbourne,8,-37.81042804,144.9881385
Cafe Royale,2008,53 Royal Parade,Parkville,9,-37.79539648,144.9575513
Scopri Italian Food & Wine,2013,191 Nicholson Street,Carlton,60,-37.79568657,144.9749221
Garden Plaza Cafe,2002,106-120 Collins Street,Melbourne (CBD),52,-37.81398457,144.9693797
Comme,2009,7-19 Alfred Place,Melbourne (CBD),100,-37.81401267,144.9699104
Percys Bar & Bistro,2006,414-422 Lygon Street,Carlton,60,-37.79694555,144.9678126
Yori Yori,2010,258-274 Collins Street,Melbourne (CBD),16,-37.81536587,144.9648999
King Jons,2008,185 King Street,Melbourne (CBD),6,-37.81584127,144.9551492
Mayas Kitchen,2005,261 William Street,Melbourne (CBD),16,-37.81299552,144.9566159
Cafe Vic,2012,100 St Kilda Road,Southbank,300,-37.82094188,144.9682264
Zetost,2007,1-9 Powlett Street,East Melbourne,15,-37.81608793,144.9848341
Jerry's Burgers 'n' Fries,2017,482 Macaulay Road,Kensington,24,-37.79424521,144.9299704
In A Rush,2013,200-222 Queen Street,Melbourne (CBD),28,-37.81352285,144.9604697
Local Birds,2014,304-306 Little Collins Street,Melbourne (CBD),4,-37.81473293,144.9643486
Bottega Restaurant,2007,72-74 Bourke Street,Melbourne (CBD),130,-37.81168307,144.9710074
Spudbar @ Chevron,2010,519-539 St Kilda Road,Melbourne (Remainder),16,-37.8455379,144.9798191
Top End Cafe,2016,774-782 Elizabeth Street,Carlton,4,-37.80033364,144.9580246
Rrose Cellar and Bar,2011,7 Errol Street,North Melbourne,30,-37.80479755,144.9490127
Little Pasta House,2013,143-145 Lygon Street,Carlton,42,-37.80378355,144.9660984
Japanese Cafe Restaurant J,2012,165-167 Exhibition Street,Melbourne (CBD),33,-37.81170899,144.9700956
Da Guido,2016,128-130 Lygon Street,Carlton,14,-37.80403393,144.9666832
Western Coffee Lounge,2003,83-113 Batman Street,West Melbourne (Residential),28,-37.81158684,144.9499517
Fatto Bar & Cantina,2017,100 St Kilda Road,Southbank,80,-37.82094188,144.9682264
Kaprica,2017,19-21 Lincoln Square South,Carlton,15,-37.80336259,144.9627813
Cafe De Tuscany,2015,429 Little Collins Street,Melbourne (CBD),70,-37.8162783,144.960452
Centro Cafe Bar,2005,90-106 Victoria Parade,East Melbourne,50,-37.80862592,144.9748871
Botanical Hotel,2015,161-173 Domain Road,South Yarra,150,-37.83431735,144.9816996
Original Lolly Store,2007,239 Lygon Street,Carlton,4,-37.79982758,144.96678
Riverland Bar,2008,1-19 Princes Walk,Melbourne (CBD),35,-37.81865919,144.9689349
City BBQ Restaurant,2004,178-190 Little Bourke Street,Melbourne (CBD),60,-37.81186912,144.966942
Brunetti City Square,2013,199-209 Collins Street,Melbourne (CBD),178,-37.81584777,144.9674304
1932 Cafe & Restaurant,2017,220-226 Collins Street,Melbourne (CBD),32,-37.81528474,144.9661258
Hirize Bakery Cafe,2013,182-200 Spencer Street,Melbourne (CBD),22,-37.81625435,144.9532987
Dancing Goat Cafe,2013,276-282 King Street,Melbourne (CBD),24,-37.81349786,144.9548222
Bellini,2008,376-390 Collins Street,Melbourne (CBD),15,-37.81629382,144.9617186
Darac Grill & Bar,2013,51-53 A'Beckett Street,Melbourne (CBD),5,-37.8090975,144.9620743
Supanova Cafe Pty Ltd,2003,306-320 Little Lonsdale Street,Melbourne (CBD),18,-37.81158232,144.9602803
Conservatory,2012,8 Whiteman Street,Southbank,200,-37.82312164,144.9586604
Oshin Sushi Bar,2017,367-377 Royal Parade,Parkville,20,-37.7849288,144.9585626
Gloria Jeans Coffees Watergate,2012,2-24 Waterview Walk,Docklands,20,-37.81925128,144.9479753
Hudsons Elizabeth Street,2017,84-86 Elizabeth Street,Melbourne (CBD),8,-37.81591326,144.9641934
The Potter Espresso Bar,2012,156-292 Grattan Street,Parkville,28,-37.79739836,144.9612468
Easy Cafe,2010,220 Bourke Street,Melbourne (CBD),70,-37.81291317,144.9667375
Feast @ 520,2017,516-520 Collins Street,Melbourne (CBD),20,-37.81780327,144.9572629
Le Moulin,2003,495-497 Spencer Street,West Melbourne (Residential),35,-37.80897146,144.9487895
KL Bunga Raya,2017,34 Errol Street,North Melbourne,40,-37.80435713,144.9497225
Riverside Teppanyaki,2016,18-38 Siddeley Street,Docklands,42,-37.82253633,144.9536422
Lustre Lounge,2010,252-254 Flinders Lane,Melbourne (CBD),41,-37.8166033,144.9655966
Cafe Domain,2011,161-173 Domain Road,South Yarra,42,-37.83431735,144.9816996
Gourmet Southbank,2013,63-65 City Road,Southbank,6,-37.82222503,144.9658443
Saint & Rogue,2013,582-584 Little Collins Street,Melbourne (CBD),100,-37.81740928,144.9553525
Universal Pizza,2010,139-141 Lygon Street,Carlton,100,-37.80384773,144.9660865
Strozzi Restaurant,2004,327-343 Collins Street,Melbourne (CBD),82,-37.81706705,144.9632538
Bluebag,2006,405-407 Collins Street,Melbourne (CBD),12,-37.81745676,144.9611131
1000 Pound Bend,2014,361-365 Little Lonsdale Street,Melbourne (CBD),100,-37.81166967,144.9612845
Sakura Kaiten Sushi,2017,57-67 Little Collins Street,Melbourne (CBD),34,-37.81309819,144.9716953
Impresso Coffee BAr,2013,341 King Street,West Melbourne (Residential),11,-37.81229604,144.9535989
Galleria Coffee Lounge,2003,359-385 Bourke Street,Melbourne (CBD),110,-37.81491502,144.9629442
Melbourne Halal Kebabs,2014,45-63 Swanston Street,Melbourne (CBD),4,-37.8163275,144.9666228
Nirankar Indian Restaurant,2004,7-11 Queen Street,Melbourne (CBD),120,-37.81861863,144.9619461
Happy Palace Restaurant,2002,87-91 Bourke Street,Melbourne (CBD),160,-37.812234,144.9709029
Trotters Restaurant,2004,398-400 Lygon Street,Carlton,12,-37.79763393,144.9677565
The Hot Poppy,2015,9 Errol Street,North Melbourne,16,-37.80473152,144.9489706
Hudson & Co,2014,585-587 Little Collins Street,Melbourne (CBD),16,-37.81787118,144.955444
Caffe Trento,2003,344-350 Collins Street,Melbourne (CBD),140,-37.81601764,144.962689
Tomodachi Melbourne Central,2008,183-265 La Trobe Street,Melbourne (CBD),120,-37.81073331,144.9630189
Mask of China Restaurant,2011,115-117 Little Bourke Street,Melbourne (CBD),90,-37.81158808,144.9690101
Squisito Bar,2015,221 Little Lonsdale Street,Melbourne (CBD),46,-37.810658,144.9657034
Cafe 501,2006,499-511 Swanston Street,Melbourne (CBD),40,-37.80689662,144.9618657
Koko Black Chocolate,2017,52-54 Collins Street,Melbourne (CBD),65,-37.81355886,144.9718392
Oriental Spoon,2012,368-378 Elizabeth Street,Melbourne (CBD),160,-37.80994879,144.961747
Section 8 Container Bar,2006,27-29 Tattersalls Lane,Melbourne (CBD),40,-37.81176167,144.9653899
Gopal's Vegetarian Restaurant,2005,139-141 Swanston Street,Melbourne (CBD),80,-37.8144111,144.9657351
Chowciao,2005,156-292 Grattan Street,Parkville,30,-37.79739836,144.9612468
Fedoullas Cuccina,2009,45 Collins Street,Melbourne (CBD),160,-37.81430616,144.9726281
@ Rice On Lonsdale,2008,528-538 Lonsdale Street,Melbourne (CBD),15,-37.81365662,144.9564217
Chafs Cafe,2010,669-675 Bourke Street,Melbourne (CBD),28,-37.81721781,144.9541004
Jasalmer Palace Indian Restaurant,2009,98 Bourke Street,Melbourne (CBD),4,-37.81194604,144.9701703
Kaneda Japanese Restaurant,2007,194-200 Bourke Street,Melbourne (CBD),30,-37.8124312,144.9672768
Lanes Edge Cafe,2014,39-43 Bourke Street,Melbourne (CBD),52,-37.81193572,144.9720472
Shou Sumiyaki,2013,196-208 Russell Street,Melbourne (CBD),90,-37.81158809,144.9678632
The Medallion Club,2007,122-148 Harbour Esplanade,Docklands,950,-37.81656591,144.9475776
The Corkman Irish Pub,2017,154-160 Leicester Street,Carlton,10,-37.80243195,144.960916
Chine On Paramount,2005,100-116 Bourke Street,Melbourne (CBD),100,-37.81170307,144.9697778
Kim Sing Chinese Restaurant,2013,228-236 Flinders Street,Melbourne (CBD),79,-37.81724878,144.9665517
Newquay International Buffet,2015,2-16 Newquay Promenade,Docklands,68,-37.81389091,144.9436836
Saki Sushi Bar,2014,93-101 Spring Street,Melbourne (CBD),14,-37.81260039,144.9731836
@T Ease,2016,195 Lonsdale Street,Melbourne (CBD),10,-37.8112684,144.9666305
Tengu Sushi Cafe,2002,121 William Street,Melbourne (CBD),20,-37.81636534,144.9578132
Caffe Cino,2013,2 Convention Centre Place,Southbank,9,-37.82539976,144.9523782
Entrecote City,2017,90-98 Collins Street,Melbourne (CBD),65,-37.8139675,144.9702813
Syracuse,2004,435-443 Little Collins Street,Melbourne (CBD),70,-37.81638558,144.9600859
In a Rush,2015,121 Exhibition Street,Melbourne (CBD),24,-37.81281453,144.9701092
Harry's At Stamford,2017,121-127 Little Collins Street,Melbourne (CBD),8,-37.8136886,144.9697676
Shark Fin House,2013,134-144 Bourke Street,Melbourne (CBD),380,-37.81199769,144.9688573
Bluestone Belgian Beer Cafe,2008,557-563 St Kilda Road,Melbourne (Remainder),200,-37.84752524,144.9814116
Pure South,2006,3 Southgate Avenue,Southbank,80,-37.82066923,144.9662623
Cafenatics On Church,2014,500-514 Collins Street,Melbourne (CBD),47,-37.81753383,144.9574732
No 5,2005,258-260 Flinders Lane,Melbourne (CBD),6,-37.81664468,144.9654744
Castro's Kiosk,2010,156-292 Grattan Street,Parkville,30,-37.79739836,144.9612468
Be-Hive Cafe Bar,2013,459 Collins Street,Melbourne (CBD),150,-37.81817724,144.9589237
Workshop Brothers,2016,184-192 Queen Street,Melbourne (CBD),9,-37.81402844,144.9606804
Mamma's Boy,2010,93-101 Spring Street,Melbourne (CBD),12,-37.81260039,144.9731836
Iseya Icecream Bar And Cafe,2017,376-388 Flinders Street,Melbourne (CBD),20,-37.81884626,144.9615299
Hoboken Cafe,2012,3-5 Hosier Lane,Melbourne (CBD),30,-37.81650918,144.9690184
Mr Price's Food Store,2017,502 Queensberry Street,North Melbourne,30,-37.8028658,144.9506624
La Belle Miette,2014,392-406 Bourke Street,Melbourne (CBD),4,-37.81416355,144.9617562
Xinnia Cafe Bar,2012,100 Dorcas Street,Southbank,60,-37.83070462,144.9662961
Cafe 555,2003,513-577 La Trobe Street,Melbourne (CBD),45,-37.81327283,144.9528962
Waterfront Venues,2017,425-427 Docklands Drive,Docklands,460,-37.81517782,144.9390269
The Italian,2012,89-105 Collins Street,Melbourne (CBD),160,-37.81492031,144.9707498
Sippers,2008,164 Rathdowne Street,Carlton,70,-37.79547684,144.9711319
Healthy Nibbles Cafe,2017,53-57 Lonsdale Street,Melbourne (CBD),16,-37.81005686,144.9707149
Kyoto Sushi & Noodle Bar,2006,184-192 Queen Street,Melbourne (CBD),4,-37.81402844,144.9606804
Michelangelo,2010,215 Queen Street,Melbourne (CBD),12,-37.81379647,144.9598741
Rush Cafe,2008,408-412 Bourke Street,Melbourne (CBD),28,-37.81443611,144.961492
Papa Goose,2012,91-93 Flinders Lane,Melbourne (CBD),80,-37.81543506,144.9712228
Theobroma Chocolate Lounge,2010,163-261 Spencer Street,Docklands,40,-37.81501701,144.951187
Invita,2014,70-74 Therry Street,Melbourne (CBD),36,-37.80745984,144.9572395
Fandango,2016,97 Errol Street,North Melbourne,4,-37.80260762,144.9494062
Melbourne Hwaro Korean BBQ Restaurant,2012,562-566 Little Bourke Street,Melbourne (CBD),72,-37.81501703,144.9556694
Hotel Ibis Little Bourke Street,2015,594-600 Little Bourke Street,Melbourne (CBD),60,-37.815375,144.9545715
King of Kings Chinese Restaurant,2003,209-211 Russell Street,Melbourne (CBD),42,-37.81164458,144.9672734
Ling Nam Chinese Restaurant,2009,204 Little Bourke Street,Melbourne (CBD),90,-37.81199247,144.9665408
New Zealand Natural Ice Cream,2012,241 Lygon Street,Carlton,16,-37.79978368,144.9667834
Saluministi,2016,6-12 Atkin Street,North Melbourne,38,-37.80374164,144.9486384
Assembly Store,2014,60 Pelham Street,Carlton,4,-37.80262561,144.9673351
Spiga,2007,183-265 La Trobe Street,Melbourne (CBD),30,-37.81073331,144.9630189
Melbourne Vietnam Noodle House,2006,251-253 Swanston Street,Melbourne (CBD),100,-37.81221437,144.9646962
Mighty Bite Campus Cafe,2004,156-292 Grattan Street,Parkville,5,-37.79739836,144.9612468
Market Espresso & Trolley Hire,2016,83-129 Victoria Street,Melbourne (CBD),28,-37.80745984,144.9572395
Earl Canteen,2017,559-587 Collins Street,Melbourne (CBD),10,-37.81902044,144.9557275
Seoul Tookbegi,2013,260-262 Russell Street,Melbourne (CBD),46,-37.8102551,144.9672247
Henry & The Fox,2016,500-514 Collins Street,Melbourne (CBD),160,-37.81753383,144.9574732
Blue Truffle Cafe,2006,160-162 Rathdowne Street,Carlton,40,-37.79553609,144.9711231
Zoom Organic,2016,32-54 Lonsdale Street,Melbourne (CBD),14,-37.8091842,144.9707325
Cafe Vagabond,2005,81-83 Flemington Road,North Melbourne,80,-37.79881149,144.9531712
Starbucks Waterfront City,2008,439-441 Docklands Drive,Docklands,28,-37.81517782,144.9390269
Bacash,2009,175-177 Domain Road,South Yarra,100,-37.83430009,144.9819451
Don't Tell Charles Coffee & Desserts,2016,70 Speakmen Street,Kensington,14,-37.79387621,144.9163635
Healthy Appetite,2009,430-442 Collins Street,Melbourne (CBD),30,-37.81703239,144.9597623
Warung Agus,2008,297-307 Victoria Street,West Melbourne (Residential),60,-37.80562951,144.9513664
Bare Pear,2007,148-156 Queen Street,Melbourne (CBD),19,-37.81508879,144.9611591
Yan's Cafe,2012,505-507 Spencer Street,West Melbourne (Residential),10,-37.80883465,144.9486329
Jasmine,2005,8 Whiteman Street,Southbank,60,-37.82312164,144.9586604
Blue Print Eatery & Bar,2015,222-224 Pelham Street,Carlton,60,-37.80169537,144.9583287
Don-Bay,2009,430-442 Collins Street,Melbourne (CBD),22,-37.81703239,144.9597623
Hawke St Foodstore,2008,72 Hawke Street,West Melbourne (Residential),4,-37.8080043,144.945578
Zest,2007,42-44 King Street,Melbourne (CBD),126,-37.81918367,144.9573222
Taco Bill Collins Street,2016,412-414 Collins Street,Melbourne (CBD),80,-37.81698962,144.960489
Cafe Fantasia,2002,409-413 St Kilda Road,Melbourne (Remainder),90,-37.8373358,144.9767624
Cafe Vue,2012,430-436 Little Collins Street,Melbourne (CBD),42,-37.81596878,144.9601101
Gyoza Gyoza & Momo Shabu Shabu,2016,115-117 Little Bourke Street,Melbourne (CBD),150,-37.81158808,144.9690101
Bhoj On Docklands,2006,16-32 Rakaia Way,Docklands,150,-37.81460533,144.9412614
Noodle Kingdom,2010,175 Russell Street,Melbourne (CBD),60,-37.8123356,144.9675678
Randy Dragon,2017,313-315 Flinders Lane,Melbourne (CBD),50,-37.81763918,144.9638507
Stellar Bar,2007,98 Bourke Street,Melbourne (CBD),40,-37.81194604,144.9701703
Little Colin,2017,435-443 Little Collins Street,Melbourne (CBD),10,-37.81638558,144.9600859
Twenty & Six Espresso,2017,594 Queensberry Street,North Melbourne,26,-37.80257072,144.9475392
Ying Thai 2,2003,110 Lygon Street,Carlton,16,-37.80443778,144.9666993
The Turf Bar & Restaurant,2016,131-141 Queen Street,Melbourne (CBD),60,-37.81549904,144.9605409
Shinsei Sushi,2014,788-812 Bourke Street,Docklands,16,-37.81888389,144.9451224
Don Don Japanese Takeaway,2003,319-323 Swanston Street,Melbourne (CBD),16,-37.81076317,144.9640475
G & J Cafe Deli Take Away Food,2004,365-371 Queen Street,Melbourne (CBD),2,-37.80988001,144.9579933
Yen Sushi Noodle,2016,252-254 Flinders Lane,Melbourne (CBD),7,-37.8166033,144.9655966
Ishiya Stonegrill,2013,210-222 Russell Street,Melbourne (CBD),40,-37.81132789,144.9679947
Cafe Ecco,2015,6-8 Nicholson Street,East Melbourne,200,-37.80849653,144.973619
Dion,2014,203-207 Lonsdale Street,Melbourne (CBD),100,-37.81133175,144.9663534
Popol Nah,2014,171 Lygon Street,Carlton,28,-37.80165695,144.9664692
The Carron Tavern,2009,396-400 Spencer Street,West Melbourne (Residential),200,-37.81114228,144.9508616
Amigos Lygon Street,2012,171 Lygon Street,Carlton,95,-37.80165695,144.9664692
Shamiana,2007,244-250 Queen Street,Melbourne (CBD),80,-37.81269018,144.959964
Edelweiss Cafe & Wine Bar,2011,201-207 Elizabeth Street,Melbourne (CBD),16,-37.81366344,144.9626049
Panned Pizza,2015,189-191 Bourke Street,Melbourne (CBD),30,-37.81316936,144.9677637
In Season Thai Cuisine,2011,279 Victoria Street,West Melbourne (Residential),54,-37.80566937,144.9519704
Collingwood Football Club Limited,2012,10-20 Olympic Boulevard,Melbourne (Remainder),74,-37.82487806,144.9823854
Spinifex Cafe,2017,192-194 Bellair Street,Kensington,10,-37.79405204,144.9300585
Park Hyatt Melbourne,2013,33-61 Cathedral Place,East Melbourne,140,-37.81131183,144.9765098
Patterns Cafe,2012,248-258 Swanston Street,Melbourne (CBD),50,-37.81199559,144.9652504
Verve,2006,109-113 Russell Street,Melbourne (CBD),20,-37.81399547,144.9682827
Rowlands Catering,2002,2 Swanston Street,Melbourne (CBD),40,-37.81784465,144.9699175
Grilled 118,2017,118 Lygon Street,Carlton,30,-37.80443778,144.9666993
Ciampini Bar & Cucina,2002,535 Little Lonsdale Street,Melbourne (CBD),45,-37.8134766,144.9560169
Pat's Deli,2005,566-574 Queensberry Street,North Melbourne,35,-37.80271264,144.9484758
The Commuters Cafe & Bar,2011,589-605 Collins Street,Melbourne (CBD),60,-37.81936788,144.9552105
Ferguson Plarre Bakehouse,2012,27 Errol Street,North Melbourne,18,-37.80434881,144.9490709
Romeo Takeaway Cafe,2017,Peel Street,Melbourne (CBD),6,-37.80745984,144.9572395
Cervo,2009,8 Whiteman Street,Southbank,80,-37.82312164,144.9586604
Brown Bagels,2015,308-336 Collins Street,Melbourne (CBD),6,-37.81611256,144.9633433
Sakae,2011,276-282 King Street,Melbourne (CBD),4,-37.81349786,144.9548222
Taiwan Cafe,2017,273 Swanston Street,Melbourne (CBD),56,-37.81185964,144.9645317
Monkey Bar Noodles & Sushi,2012,8-10 King Street,Melbourne (CBD),30,-37.81992762,144.9576378
la Cantina,2004,4-10 Bank Place,Melbourne (CBD),85,-37.81669009,144.9606423
Professor Court Cafe,2013,156-292 Grattan Street,Parkville,4,-37.79739836,144.9612468
Romano's Coffee,2011,561-571 Bourke Street,Melbourne (CBD),63,-37.81647428,144.957018
Louis Gourmet Lunch,2003,84-88 William Street,Melbourne (CBD),54,-37.81713691,144.9592899
Izakaya Chuji Japanese Restaurant,2004,226-236 Russell Street,Melbourne (CBD),60,-37.81098272,144.9676444
Toast Kitchen Cafe,2016,13-15 Errol Street,North Melbourne,34,-37.80463699,144.9490423
Sambal Kampung,2016,235-251 Bourke Street,Melbourne (CBD),18,-37.81376503,144.9665978
A Treat of France,2016,269-283 City Road,Southbank,8,-37.82730522,144.9590507
Kinya Japanese Restaurant,2015,58-70 Lorimer Street,Docklands,32,-37.82488026,144.946356
Seven Seeds Specialty coffee,2010,106-114 Berkeley Street,Carlton,90,-37.8028778,144.9591271
Cafe Bakpak,2011,167-175 Franklin Street,Melbourne (CBD),40,-37.80895967,144.9591538
Cafe Shots Espresso Bar,2016,224-236 Queen Street,Melbourne (CBD),8,-37.81320274,144.960162
Seoul Restaurant,2008,369-371 Little Bourke Street,Melbourne (CBD),60,-37.81367176,144.9617817
Pasta Rustica Ristorante,2008,148-150 Lygon Street,Carlton,115,-37.80366897,144.966737
CR's on Collins,2004,62-66 King Street,Melbourne (CBD),100,-37.81874137,144.9571409
New Quay Bar & Brasserie,2006,2-16 Newquay Promenade,Docklands,120,-37.81389091,144.9436836
No 136 Coffee Melbourne,2012,136-140 Elizabeth Street,Melbourne (CBD),17,-37.81484304,144.963743
Prince Alfred Hotel,2010,191-197 Grattan Street,Carlton,40,-37.80045792,144.962209
Footlights Restaurant,2017,131-137 Lonsdale Street,Melbourne (CBD),80,-37.81098009,144.96853
Spud Bar,2016,394-400 Little Bourke Street,Melbourne (CBD),16,-37.81365679,144.9609004
Dream,2004,229 Queensberry Street,Carlton,30,-37.80459072,144.9611486
The Victoria Hotel,2010,209-221 Little Collins Street,Melbourne (CBD),120,-37.81447237,144.9670943
Clare Castle Hotel,2008,415-421 Rathdowne Street,Carlton,36,-37.79652005,144.9704262
Kartina Kartel,2010,500-514 Collins Street,Melbourne (CBD),100,-37.81753383,144.9574732
Eclipse Coffee,2016,487-503 Collins Street,Melbourne (CBD),14,-37.81853877,144.9581185
Coffee Mak,2005,224-252 La Trobe Street,Melbourne (CBD),6,-37.80965592,144.9623409
Vibe Hotel,2008,419-443 Royal Parade,Parkville,40,-37.78289944,144.958804
Karelay Patisserie,2017,190 Bellair Street,Kensington,22,-37.79395787,144.9300805
ACMI Cafe & Bar,2016,2 Swanston Street,Melbourne (CBD),66,-37.81784465,144.9699175
Cafe Tiffany,2005,562-566 Little Bourke Street,Melbourne (CBD),70,-37.81501703,144.9556694
A Little Bird Told Me,2013,224-252 La Trobe Street,Melbourne (CBD),20,-37.80965592,144.9623409
Queens Bees,2008,562-564 Queensberry Street,North Melbourne,20,-37.80271962,144.9487134
Cafe Kaz,2003,300-336 Grattan Street,Parkville,500,-37.79854141,144.9559628
The Deck Cafe On St Kilda Road,2010,477-479 St Kilda Road,Melbourne (Remainder),60,-37.8418809,144.978556
Arena View Restaurant And Cafe,2008,122-148 Harbour Esplanade,Docklands,2640,-37.81656591,144.9475776
Bababoi,2016,40-66 Siddeley Street,Docklands,28,-37.82290352,144.9525486
Green Pepper Indian Restaurant,2013,18 Bourke Street,Melbourne (CBD),25,-37.811289,144.9723627
Lily Blacks,2017,12-18 Meyers Place,Melbourne (CBD),100,-37.81221617,144.972451
City Of Melbourne Bowls Club Inc,2014,Dudley Street,West Melbourne (Residential),110,-37.81045581,144.9544344
Gloria Jean's Coffees,2010,612-624 Collins Street,Melbourne (CBD),6,-37.81867544,144.9543505
Maltitude Cafe,2005,305-307 Exhibition Street,Melbourne (CBD),50,-37.80879339,144.9687626
Mediterranean Deli,2017,76-84 Collins Street,Melbourne (CBD),4,-37.81358646,144.9707087
Melba 501,2014,499-511 Swanston Street,Melbourne (CBD),38,-37.80689662,144.9618657
Boba Pearl Bubble Tea Restaurant,2006,122 Lygon Street,Carlton,12,-37.80443778,144.9666993
The Mercant Cross Hotel / Fancy Hanks Bar-B-Que,2015,143-151 Therry Street,Melbourne (CBD),230,-37.80792152,144.9583711
Rustica Canteen,2017,33-35 Guildford Lane,Melbourne (CBD),4,-37.81146107,144.9598612
Edwin's Cafe,2016,60 Olympic Boulevard,Melbourne (Remainder),150,-37.82487806,144.9823854
Supernormal,2015,167-173 Collins Street,Melbourne (CBD),160,-37.81563788,144.9682892
Gogi Korean BBQ Buffet,2014,210-222 Russell Street,Melbourne (CBD),100,-37.81132789,144.9679947
Original Sushi,2016,482-484 Bourke Street,Melbourne (CBD),10,-37.8150902,144.9593794
NY Deli,2014,158-164 Queen Street,Melbourne (CBD),70,-37.81453148,144.9610146
Merchant Osteria Veneta,2011,487-503 Collins Street,Melbourne (CBD),140,-37.81853877,144.9581185
Slate Restaurant Bar,2010,515-527 Little Bourke Street,Melbourne (CBD),60,-37.81518319,144.9570682
Elektrik Cafe,2003,114-122 Franklin Street,Melbourne (CBD),40,-37.80819713,144.9589367
Melbourne Exhibition Centre,2017,2 Clarendon Street,Southbank,31,-37.82539976,144.9523782
Red Silks Restaurant & Bar,2017,194-200 Bourke Street,Melbourne (CBD),80,-37.8124312,144.9672768
Movida Aqui,2017,494-512 Bourke Street,Melbourne (CBD),50,-37.81494883,144.9587607
Via Victoria,2002,279 Victoria Street,West Melbourne (Residential),50,-37.80566937,144.9519704
Laurent Boulangerie Patisserie,2015,181 William Street,Melbourne (CBD),16,-37.81531863,144.9573923
Blue Sky,2004,7-9 Waratah Place,Melbourne (CBD),95,-37.81162502,144.9669911
Yoyogi,2008,183-265 La Trobe Street,Melbourne (CBD),10,-37.81073331,144.9630189
Luncheonette Cafe,2013,169-173 Rankins Road,Kensington,12,-37.79436218,144.9311131
Naked Espresso Bar,2013,386-392 Little Bourke Street,Melbourne (CBD),15,-37.81359799,144.9610735
A & E Takeaway,2002,427 Elizabeth Street,Melbourne (CBD),12,-37.80897533,144.9604244
The French Brasserie,2012,11-37 Exhibition Street,Melbourne (CBD),80,-37.81546152,144.9717262
Tabby House,2016,275 King Street,Melbourne (CBD),35,-37.81381086,144.9542621
Japan Inn Gourmet Sushi,2011,427-431 St Kilda Road,Melbourne (Remainder),16,-37.83854242,144.9771931
Hall St Deli,2013,49-89 Turner Street,Port Melbourne,59,-37.82304058,144.9253775
Percys Grainger Museum Cafe,2017,230 Grattan Street,Parkville,16,-37.79739836,144.9612468
Jimmy Watsons,2005,331-335 Lygon Street,Carlton,134,-37.7975082,144.9671779
Bourgie,2004,395-397 Little Lonsdale Street,Melbourne (CBD),50,-37.81190077,144.9602499
Ratee Thai,2017,228-236 Flinders Street,Melbourne (CBD),36,-37.81724878,144.9665517
Boost Juice,2015,467 Elizabeth Street,Melbourne (CBD),4,-37.80802361,144.9599882
Blossom Espresso,2014,1-9 Freshwater Place,Southbank,35,-37.82167834,144.962154
Treviso,2014,4-10 Bank Place,Melbourne (CBD),85,-37.81669009,144.9606423
Townhall Hotel North Melbourne,2017,33 Errol Street,North Melbourne,34,-37.80414139,144.9489068
Melbourne Savage Club,2014,12-16 Bank Place,Melbourne (CBD),90,-37.81654467,144.9605765
Spicy Temptation House,2011,178-190 Little Bourke Street,Melbourne (CBD),250,-37.81186912,144.966942
Mrs Parma's,2014,19-25 Little Bourke Street,Melbourne (CBD),60,-37.81074304,144.9719903
Bag a Baguette,2011,318-322 Little Collins Street,Melbourne (CBD),2,-37.81488174,144.9640121
Mack Daddy Soprano,2007,313-315 Flinders Lane,Melbourne (CBD),60,-37.81763918,144.9638507
Axil Coffee Roasters / Not to Scale,2016,41-43 Exhibition Street,Melbourne (CBD),25,-37.81501535,144.9715746
11 Inch Pizza,2015,353-359 Little Collins Street,Melbourne (CBD),4,-37.81570426,144.9629844
Fruits of Passion,2008,188 Bellair Street,Kensington,20,-37.79392952,144.9299933
Aromatic,2004,1-4 Nicholson Street,East Melbourne,80,-37.80899046,144.9735223
Nori Nori,2016,377-379 Little Collins Street,Melbourne (CBD),45,-37.81585501,144.9624392
The Establishment Restaurant And Lounge-starlyn bar,2006,188-202 King Street,Melbourne (CBD),20,-37.81551353,144.9556244
Joseph Swan Deli,2015,501-503 Macaulay Road,Kensington,14,-37.79452502,144.9293517
Horse Bazaar,2007,395-397 Little Lonsdale Street,Melbourne (CBD),50,-37.81190077,144.9602499
The Drunken Poet,2009,65-67 Peel Street,West Melbourne (Residential),18,-37.80666721,144.955498
Fugazza,2013,353-359 Little Collins Street,Melbourne (CBD),6,-37.81570426,144.9629844
Idarts Hive,2012,221 Little Lonsdale Street,Melbourne (CBD),70,-37.810658,144.9657034
Centro Espresso Caffe,2014,252-254 Flinders Lane,Melbourne (CBD),4,-37.8166033,144.9655966
The Golden Triangle Restaurant,2010,185-189 Domain Road,South Yarra,60,-37.8343508,144.9822675
Three Below,2008,199-209 Collins Street,Melbourne (CBD),60,-37.81584777,144.9674304
Sofitel Hotel,2011,25-45 Collins Street,Melbourne (CBD),470,-37.81430616,144.9726281
Melbourne Public,2014,2 Convention Centre Place,Southbank,100,-37.82539976,144.9523782
Red Spice QV,2015,221 Little Lonsdale Street,Melbourne (CBD),481,-37.810658,144.9657034
SMXL,2014,542-546 Little Bourke Street,Melbourne (CBD),50,-37.81477885,144.9563672
Post Deng Cafe,2006,214-216 Little Bourke Street,Melbourne (CBD),120,-37.81204418,144.9662182
Gami At Healeys - Chicken & Beer,2016,535 Little Lonsdale Street,Melbourne (CBD),40,-37.8134766,144.9560169
Om Vegetarian,2017,221-231 Collins Street,Melbourne (CBD),48,-37.81584476,144.9663304
D-Tour on Collins,2012,500-514 Collins Street,Melbourne (CBD),8,-37.81753383,144.9574732
Fawkner Park Tennis Centre,2017,65W Toorak Road,South Yarra,15,-37.83804253,144.9800012
Caffe E Biscotti,2004,317-321 Little Collins Street,Melbourne (CBD),15,-37.81528948,144.9642254
Pop,2014,68-78 Hardware Lane,Melbourne (CBD),60,-37.8130703,144.9611061
Food Inc.,2009,183-265 La Trobe Street,Melbourne (CBD),40,-37.81073331,144.9630189
Seven Star Korea,2017,535 Little Lonsdale Street,Melbourne (CBD),68,-37.8134766,144.9560169
Westlake Restaurant,2006,189-191 Little Bourke Street,Melbourne (CBD),200,-37.812194,144.9669548
Perk Up,2013,608-610 Collins Street,Melbourne (CBD),18,-37.81861166,144.9545688
Man Mo @ Wtc,2017,18-38 Siddeley Street,Docklands,60,-37.82253633,144.9536422
Spot On Motorcycles Pty Ltd,2011,474-476 Elizabeth Street,Melbourne (CBD),30,-37.80770983,144.9605644
Dhaka Restaurant & Supplies,2015,145-147 Lonsdale Street,Melbourne (CBD),15,-37.81081665,144.9681529
Bluestones 520 Cafe,2012,516-526 Bourke Street,Melbourne (CBD),70,-37.81527349,144.9583865
Left Bank Melbourne,2017,1-9 Southbank Boulevard,Southbank,75,-37.8210403,144.9628914
Tipo 00,2017,361-363 Little Bourke Street,Melbourne (CBD),44,-37.81358648,144.9619926
Zouki Cafe Eye & Ear Hospital,2012,126-142 Victoria Parade,East Melbourne,28,-37.80899054,144.9762558
Cocoa Bean Cafe,2013,130-148 William Street,Melbourne (CBD),80,-37.81595642,144.9589392
Carlton Mega Bites,2006,68-70 Victoria Street,Carlton,60,-37.80671632,144.9654999
Coffea Coffee,2017,507-523 Elizabeth Street,Melbourne (CBD),27,-37.80745984,144.9572395
Paris Go Bistro,2009,114-116 Rathdowne Street,Carlton,60,-37.79695652,144.9708841
Capitano Restaurant and Bar,2015,89-105 Collins Street,Melbourne (CBD),160,-37.81492031,144.9707498
Meshiya Japanese Restaurant,2011,221 Little Lonsdale Street,Melbourne (CBD),12,-37.810658,144.9657034
Crazy Wing,2016,177 Russell Street,Melbourne (CBD),40,-37.81229698,144.9675488
Caffe Torre,2012,183-265 La Trobe Street,Melbourne (CBD),79,-37.81073331,144.9630189
King Star Cafe,2011,171-173 King Street,Melbourne (CBD),40,-37.81608475,144.95526
The Harbour Kitchen,2013,788-812 Bourke Street,Docklands,100,-37.81888389,144.9451224
City Baths Cafe,2004,420-438 Swanston Street,Melbourne (CBD),23,-37.80700694,144.9633863
Cafe Ami,2008,470-496 Swanston Street,Carlton,100,-37.80555235,144.9635132
B3 Cafe et Patisserie,2008,258-260 Flinders Lane,Melbourne (CBD),4,-37.81664468,144.9654744
Borsari Ristorante,2008,201-203 Lygon Street,Carlton,40,-37.80089707,144.9666725
Liquid  Restaurant - Tapas Bar,2010,16-32 Rakaia Way,Docklands,70,-37.81460533,144.9412614
Grill'd,2013,3 Southgate Avenue,Southbank,30,-37.82066923,144.9662623
NL House,2016,115 Grattan Street,Carlton,12,-37.80080712,144.9656841
Hardimans Cafe Bar Restaurant,2010,521-535 Macaulay Road,Kensington,230,-37.79442113,144.9283553
Zushi Delight,2008,15-33 William Street,Melbourne (CBD),6,-37.8192157,144.9591876
Aloi Na Cafe,2014,59-61 Hardware Lane,Melbourne (CBD),100,-37.81338297,144.9609698
Cafe Andiamo,2012,253-265 Flinders Lane,Melbourne (CBD),44,-37.81706291,144.9659028
Dumplings Plus,2013,269 Swanston Street,Melbourne (CBD),115,-37.8119541,144.9645747
Rajee's Instant Indian,2012,273 King Street,Melbourne (CBD),14,-37.81384802,144.9542801
Michelino's Trattoria,2010,53-75 Pelham Street,Carlton,16,-37.80324285,144.9671858
Cafe ERA,2005,183-265 La Trobe Street,Melbourne (CBD),60,-37.81073331,144.9630189
RACV City Club,2015,483-501 Bourke Street,Melbourne (CBD),650,-37.81587957,144.9595925
BP Australia,2006,467-469 Footscray Road,West Melbourne (Industrial),66,-37.80929847,144.9273935
Bar Ampere,2016,16-30 Russell Place,Melbourne (CBD),78,-37.81355434,144.9674275
Full Plate Cafe,2012,517-537 Flinders Lane,Melbourne (CBD),12,-37.81988484,144.9566017
Interval Coffee Shop,2002,164-170 Flinders Street,Melbourne (CBD),6,-37.81670922,144.9690862
Bistro Du Monde,2013,302-308 Flinders Lane,Melbourne (CBD),22,-37.81719967,144.9638971
Russell Street King's Kebab,2007,163-169 Russell Street,Melbourne (CBD),4,-37.81246709,144.9676479
Hell's Kitchen,2009,252-254 Flinders Lane,Melbourne (CBD),55,-37.8166033,144.9655966
Bench & Co,2013,200-222 Queen Street,Melbourne (CBD),50,-37.81352285,144.9604697
Huxtaburger,2016,351-357 Collins Street,Melbourne (CBD),15,-37.81722704,144.9627888
Al-Khaleej Restaurant,2016,84-90 Lorimer Street,Docklands,38,-37.82438863,144.9435506
Oree,2015,175-183 Queen Street,Melbourne (CBD),50,-37.81452036,144.9599857
Cafe,2002,450 Footscray Road,West Melbourne (Industrial),37,-37.80811348,144.9307526
Donwoori,2016,268-276 Victoria Street,North Melbourne,36,-37.80580455,144.9573902
Hilton Hotels of Australia (Melbourne) Pty Ltd,2007,178-226 Wellington Parade,East Melbourne,170,-37.81582277,144.9834989
CBD Cafe,2002,403 St Kilda Road,Melbourne (Remainder),12,-37.83587066,144.975942
Paris End Cafe,2006,18-22 Collins Street,Melbourne (CBD),20,-37.81330535,144.9728919
Barista Cafe,2002,242-284 Exhibition Street,Melbourne (CBD),52,-37.80941489,144.9699756
Chatter Box - Curry & Noodle Bar,2003,235-251 Bourke Street,Melbourne (CBD),17,-37.81376503,144.9665978
Zingarella,2007,189 Lygon Street,Carlton,22,-37.8011904,144.966488
Yang's Braised Chicken Rice,2016,234 Little Bourke Street,Melbourne (CBD),70,-37.81222127,144.9658727
Mocha Expresso,2013,3 Southgate Avenue,Southbank,9,-37.82066923,144.9662623
Ramen Ya,2011,338-352 Bourke Street,Melbourne (CBD),18,-37.81360425,144.9632879
Rice Paper Vietnamese Restaurant,2015,243-249 Swanston Street,Melbourne (CBD),74,-37.81230108,144.9647365
Oskar,2011,1-5 Errol Street,North Melbourne,25,-37.80488639,144.9489789
Nusantara,2013,235-251 Bourke Street,Melbourne (CBD),16,-37.81376503,144.9665978
Bernardi's Family Trattoria,2002,152-154 Lygon Street,Carlton,18,-37.80359309,144.9667447
Williams Bar Cafe,2009,1-13 William Street,Melbourne (CBD),100,-37.81943285,144.9595106
Tea House At Chinatown,2008,11-17 Cohen Place,Melbourne (CBD),100,-37.81104301,144.9689152
Hudsons Coffee,2012,449-455 Bourke Street,Melbourne (CBD),25,-37.81527162,144.9605077
Baraonda,2013,18-38 Siddeley Street,Docklands,9,-37.82253633,144.9536422
CY Sushi & Noodle,2015,471 Elizabeth Street,Melbourne (CBD),14,-37.80794087,144.9599508
5 Solars Restaurant,2016,8-10 Kavanagh Street,Southbank,14,-37.82241845,144.9666055
Riva Bar Cafe,2007,309-325 Bourke Street,Melbourne (CBD),55,-37.81445406,144.9645323
Lazzat on Lygon,2013,112 Lygon Street,Carlton,16,-37.80443778,144.9666993
Chutney Bar,2011,408-416 Queen Street,Melbourne (CBD),40,-37.80897917,144.9585116
York Cafe,2007,330-344 Little Lonsdale Street,Melbourne (CBD),70,-37.81181165,144.9596748
The Merrywell,2015,8 Whiteman Street,Southbank,80,-37.82312164,144.9586604
The Khan Mongolian Bbq Restaurant,2010,295-301 Exhibition Street,Melbourne (CBD),100,-37.80893166,144.9688284
Carlton Yacht Club Bar,2004,298 Lygon Street,Carlton,25,-37.79998572,144.9673764
STREAT,2016,384-390 Little Collins Street,Melbourne (CBD),9,-37.81560573,144.9617411
FM Karaoke Bar,2014,146-150 Bourke Street,Melbourne (CBD),15,-37.81235798,144.9687387
Taste Buds Sandwich Bar,2003,42-56 Franklin Street,Melbourne (CBD),8,-37.80752137,144.9612242
Sheila Baxter Training Centre Pty Ltd,2016,91-93 Queens Bridge Street,Southbank,6,-37.82435995,144.9609065
Beanstalk Cafe,2014,790-814 Collins Street,Docklands,57,-37.821044,144.9458305
Ozford Junction Cafe,2011,570 Lygon Street,Carlton,40,-37.79315689,144.9691265
Essence Cafe & Bar,2008,788-812 Bourke Street,Docklands,60,-37.81888389,144.9451224
Cherry & Twigs,2015,547-555 Flinders Lane,Melbourne (CBD),24,-37.82001952,144.9558379
Killiney Kopitiam,2017,114 Lygon Street,Carlton,27,-37.80443778,144.9666993
Bullrun,2015,107-109 Flinders Lane,Melbourne (CBD),4,-37.81560645,144.9708344
Petaling Street Malaysian Hawker Food,2016,178-190 Little Bourke Street,Melbourne (CBD),110,-37.81186912,144.966942
Mecca Bah,2003,55 Newquay Promenade,Docklands,40,-37.8153411,144.9414051
Souvlaki Bar,2004,163-169 Russell Street,Melbourne (CBD),30,-37.81246709,144.9676479
The White Lotus Vegetarian Cafe,2008,183-185 Victoria Street,West Melbourne (Residential),60,-37.80604869,144.9554422
The Queen's Bees Cafe,2010,562-564 Queensberry Street,North Melbourne,20,-37.80271962,144.9487134
Spicy Korea,2017,601-611 Little Collins Street,Melbourne (CBD),38,-37.81802782,144.9549054
Sheni's Curries,2013,141-165 Collins Street,Melbourne (CBD),8,-37.81543178,144.9687553
Villa & Hut Cafe,2012,20-30 Convention Centre Place,Southbank,80,-37.82539976,144.9523782
Eureka 89 Pty Ltd,2008,3-7 Riverside Quay,Southbank,150,-37.82166549,144.9645668
Caffe Esc,2015,791-847 Collins Street,Docklands,36,-37.82205739,144.9457644
Max Bar & Restaurant,2015,54-58 Hardware Lane,Melbourne (CBD),90,-37.81339488,144.9612623
Medici Cafe bar,2004,24-42 Newquay Promenade,Docklands,136,-37.81434525,144.942139
Pide Bread Bakery,2009,65-81 Victoria Street,Melbourne (CBD),12,-37.80745984,144.9572395
Witches In Britches,2010,78-86 Dudley Street,West Melbourne (Residential),350,-37.80890193,144.952636
Three Degrees,2013,221 Little Lonsdale Street,Melbourne (CBD),150,-37.810658,144.9657034
Designed For Livin,2015,874-886 Lorimer Street,Port Melbourne,16,-37.82366685,144.9362954
Gills Diner,2010,358-360 Little Collins Street,Melbourne (CBD),60,-37.81528248,144.9626388
Rendez Vue,2008,70 Speakmen Street,Kensington,14,-37.79387621,144.9163635
Tazio Birraria & Pizzeria,2017,45 Collins Street,Melbourne (CBD),60,-37.81430616,144.9726281
Grill'd Healthy Burgers,2010,350 Lygon Street,Carlton,56,-37.79887015,144.9675264
Panda Loves Fish,2017,790-814 Collins Street,Docklands,18,-37.821044,144.9458305
Schnitz QV,2014,221 Little Lonsdale Street,Melbourne (CBD),134,-37.810658,144.9657034
Shanghai Street,2015,219-233 Elizabeth Street,Melbourne (CBD),24,-37.81321386,144.9622831
Two Fish Seafood Cafe,2015,457-469 Little Collins Street,Melbourne (CBD),14,-37.81660734,144.95955
Donnini's Pty Ltd,2005,320 Lygon Street,Carlton,70,-37.79953749,144.9675104
Royal Fig Cafe,2010,300-328 Grattan Street,Parkville,52,-37.79854141,144.9559628
Clocks At Flinders Street Station,2011,207-361 Flinders Street,Melbourne (CBD),78,-37.81866105,144.9654659
Ec Pot Cafe Bar,2013,221 Little Lonsdale Street,Melbourne (CBD),16,-37.810658,144.9657034
Jeremy's Hardware Lane Cafe & Bar,2006,13-15 Hardware Lane,Melbourne (CBD),55,-37.8142907,144.9614053
Mag Nation Pty Ltd,2017,88 Elizabeth Street,Melbourne (CBD),12,-37.81584627,144.9642408
Simply Spanish,2016,555 Bourke Street,Melbourne (CBD),25,-37.81636534,144.9578132
Red Cup Cafe,2008,331-339 Bourke Street,Melbourne (CBD),8,-37.81458812,144.964049
Nine Elephants Thai Restaurant,2013,737-743 Bourke Street,Docklands,38,-37.81914692,144.9489519
Sushi Bar Aka Tombo,2012,11-19 Liverpool Street,Melbourne (CBD),35,-37.81131159,144.9713242
Fish Bar,2014,25 Newquay Promenade,Docklands,60,-37.81473601,144.9427543
University Cafe,2011,255-257 Lygon Street,Carlton,56,-37.79947744,144.9668382
Carlton Fish & Chips,2017,178 Rathdowne Street,Carlton,4,-37.79518777,144.9711835
The Lyceum Club,2013,2-18 Ridgway Place,Melbourne (CBD),85,-37.81314963,144.9725952
Angliss Bistro,2011,555 La Trobe Street,Melbourne (CBD),60,-37.81327283,144.9528962
Saigon Inn Vietnamese Restaurant,2009,11-19 Liverpool Street,Melbourne (CBD),8,-37.81131159,144.9713242
Bear Brass,2005,3 Southgate Avenue,Southbank,60,-37.82066923,144.9662623
No 8 Exhibition Cafe,2014,46-74 Flinders Street,Melbourne (CBD),80,-37.81546181,144.9727209
Cafe All Angalo,2006,387 Little Bourke Street,Melbourne (CBD),25,-37.81379622,144.9613937
St James Take Away Food,2006,121 William Street,Melbourne (CBD),38,-37.81636534,144.9578132
